season,season_type,game_date,game_id,event_num,period,clock,team_away,team_home,player1_name,player2_name,description,event_video_link,event_video_link_with_title
2013-14,Regular Season,2013-11-14,0021300124,225,2,01:35,OKC,GSW,203500 Steven Adams,201566 Russell Westbrook,Adams 2' Slam Dunk (2 PTS) (Westbrook 4 AST),https://www.nba.com/stats/events?GameEventID=225&GameID=0021300124&Season=2013-14&flag=1,https://www.nba.com/stats/events?GameEventID=225&GameID=0021300124&Season=2013-14&flag=1&title=Adams%202%27%20Slam%20Dunk%20%282%20PTS%29%20%28Westbrook%204%20AST%29
2013-14,Regular Season,2014-02-28,0021300868,209,2,06:38,MEM,OKC,203500 Steven Adams,201566 Russell Westbrook,Adams 1' Dunk (5 PTS) (Westbrook 3 AST),https://www.nba.com/stats/events?GameEventID=209&GameID=0021300868&Season=2013-14&flag=1,https://www.nba.com/stats/events?GameEventID=209&GameID=0021300868&Season=2013-14&flag=1&title=Adams%201%27%20Dunk%20%285%20PTS%29%20%28Westbrook%203%20AST%29
2013-14,Playoffs,2014-05-03,0041300157,129,1,00:34,MEM,OKC,203500 Steven Adams,201566 Russell Westbrook,Adams  Dunk (2 PTS) (Westbrook 4 AST),https://www.nba.com/stats/events?GameEventID=129&GameID=0041300157&Season=2013-14&flag=1,https://www.nba.com/stats/events?GameEventID=129&GameID=0041300157&Season=2013-14&flag=1&title=Adams%20%20Dunk%20%282%20PTS%29%20%28Westbrook%204%20AST%29
2013-14,Playoffs,2014-05-07,0041300232,145,2,09:50,LAC,OKC,203500 Steven Adams,201566 Russell Westbrook,Adams  Dunk (4 PTS) (Westbrook 4 AST),https://www.nba.com/stats/events?GameEventID=145&GameID=0041300232&Season=2013-14&flag=1,https://www.nba.com/stats/events?GameEventID=145&GameID=0041300232&Season=2013-14&flag=1&title=Adams%20%20Dunk%20%284%20PTS%29%20%28Westbrook%204%20AST%29
2013-14,Playoffs,2014-05-13,0041300235,300,2,00:07,LAC,OKC,203500 Steven Adams,201566 Russell Westbrook,Adams 1' Dunk (7 PTS) (Westbrook 3 AST),https://www.nba.com/stats/events?GameEventID=300&GameID=0041300235&Season=2013-14&flag=1,https://www.nba.com/stats/events?GameEventID=300&GameID=0041300235&Season=2013-14&flag=1&title=Adams%201%27%20Dunk%20%287%20PTS%29%20%28Westbrook%203%20AST%29
2013-14,Playoffs,2014-05-13,0041300235,398,3,02:34,LAC,OKC,203500 Steven Adams,201566 Russell Westbrook,Adams 1' Dunk (9 PTS) (Westbrook 4 AST),https://www.nba.com/stats/events?GameEventID=398&GameID=0041300235&Season=2013-14&flag=1,https://www.nba.com/stats/events?GameEventID=398&GameID=0041300235&Season=2013-14&flag=1&title=Adams%201%27%20Dunk%20%289%20PTS%29%20%28Westbrook%204%20AST%29
2014-15,Regular Season,2014-11-28,0021400229,2,1,11:44,NYK,OKC,203500 Steven Adams,201566 Russell Westbrook,Adams Dunk (2 PTS) (Westbrook 1 AST),https://www.nba.com/stats/events?GameEventID=2&GameID=0021400229&Season=2014-15&flag=1,https://www.nba.com/stats/events?GameEventID=2&GameID=0021400229&Season=2014-15&flag=1&title=Adams%20Dunk%20%282%20PTS%29%20%28Westbrook%201%20AST%29
2014-15,Regular Season,2014-11-28,0021400229,241,2,03:22,NYK,OKC,203500 Steven Adams,201566 Russell Westbrook,Adams Dunk (4 PTS) (Westbrook 7 AST),https://www.nba.com/stats/events?GameEventID=241&GameID=0021400229&Season=2014-15&flag=1,https://www.nba.com/stats/events?GameEventID=241&GameID=0021400229&Season=2014-15&flag=1&title=Adams%20Dunk%20%284%20PTS%29%20%28Westbrook%207%20AST%29
2014-15,Regular Season,2014-12-05,0021400277,4,1,11:17,OKC,PHI,203500 Steven Adams,201566 Russell Westbrook,Adams  Slam Dunk (2 PTS) (Westbrook 2 AST),https://www.nba.com/stats/events?GameEventID=4&GameID=0021400277&Season=2014-15&flag=1,https://www.nba.com/stats/events?GameEventID=4&GameID=0021400277&Season=2014-15&flag=1&title=Adams%20%20Slam%20Dunk%20%282%20PTS%29%20%28Westbrook%202%20AST%29
2014-15,Regular Season,2014-12-05,0021400277,33,1,07:21,OKC,PHI,203500 Steven Adams,201566 Russell Westbrook,Adams  Dunk (4 PTS) (Westbrook 4 AST),https://www.nba.com/stats/events?GameEventID=33&GameID=0021400277&Season=2014-15&flag=1,https://www.nba.com/stats/events?GameEventID=33&GameID=0021400277&Season=2014-15&flag=1&title=Adams%20%20Dunk%20%284%20PTS%29%20%28Westbrook%204%20AST%29
2014-15,Regular Season,2014-12-07,0021400297,327,3,06:49,OKC,DET,203500 Steven Adams,201566 Russell Westbrook,Adams  Dunk (3 PTS) (Westbrook 5 AST),https://www.nba.com/stats/events?GameEventID=327&GameID=0021400297&Season=2014-15&flag=1,https://www.nba.com/stats/events?GameEventID=327&GameID=0021400297&Season=2014-15&flag=1&title=Adams%20%20Dunk%20%283%20PTS%29%20%28Westbrook%205%20AST%29
2014-15,Regular Season,2014-12-09,0021400312,281,3,11:35,MIL,OKC,203500 Steven Adams,201566 Russell Westbrook,Adams  Dunk (2 PTS) (Westbrook 3 AST),https://www.nba.com/stats/events?GameEventID=281&GameID=0021400312&Season=2014-15&flag=1,https://www.nba.com/stats/events?GameEventID=281&GameID=0021400312&Season=2014-15&flag=1&title=Adams%20%20Dunk%20%282%20PTS%29%20%28Westbrook%203%20AST%29
2014-15,Regular Season,2014-12-21,0021400408,18,1,10:42,NOP,OKC,203500 Steven Adams,201566 Russell Westbrook,Adams  Reverse Dunk (3 PTS) (Westbrook 1 AST),https://www.nba.com/stats/events?GameEventID=18&GameID=0021400408&Season=2014-15&flag=1,https://www.nba.com/stats/events?GameEventID=18&GameID=0021400408&Season=2014-15&flag=1&title=Adams%20%20Reverse%20Dunk%20%283%20PTS%29%20%28Westbrook%201%20AST%29
2014-15,Regular Season,2014-12-23,0021400424,340,3,04:17,POR,OKC,203500 Steven Adams,201566 Russell Westbrook,Adams  Dunk (7 PTS) (Westbrook 4 AST),https://www.nba.com/stats/events?GameEventID=340&GameID=0021400424&Season=2014-15&flag=1,https://www.nba.com/stats/events?GameEventID=340&GameID=0021400424&Season=2014-15&flag=1&title=Adams%20%20Dunk%20%287%20PTS%29%20%28Westbrook%204%20AST%29
2014-15,Regular Season,2014-12-25,0021400428,479,4,05:18,OKC,SAS,203500 Steven Adams,201566 Russell Westbrook,Adams  Dunk (13 PTS) (Westbrook 10 AST),https://www.nba.com/stats/events?GameEventID=479&GameID=0021400428&Season=2014-15&flag=1,https://www.nba.com/stats/events?GameEventID=479&GameID=0021400428&Season=2014-15&flag=1&title=Adams%20%20Dunk%20%2813%20PTS%29%20%28Westbrook%2010%20AST%29
2014-15,Regular Season,2015-01-05,0021400518,35,1,09:08,OKC,GSW,203500 Steven Adams,201566 Russell Westbrook,Adams  Slam Dunk (2 PTS) (Westbrook 2 AST),https://www.nba.com/stats/events?GameEventID=35&GameID=0021400518&Season=2014-15&flag=1,https://www.nba.com/stats/events?GameEventID=35&GameID=0021400518&Season=2014-15&flag=1&title=Adams%20%20Slam%20Dunk%20%282%20PTS%29%20%28Westbrook%202%20AST%29
2014-15,Regular Season,2015-01-05,0021400518,408,3,05:20,OKC,GSW,203500 Steven Adams,201566 Russell Westbrook,Adams  Slam Dunk (10 PTS) (Westbrook 5 AST),https://www.nba.com/stats/events?GameEventID=408&GameID=0021400518&Season=2014-15&flag=1,https://www.nba.com/stats/events?GameEventID=408&GameID=0021400518&Season=2014-15&flag=1&title=Adams%20%20Slam%20Dunk%20%2810%20PTS%29%20%28Westbrook%205%20AST%29
2014-15,Regular Season,2015-01-20,0021400623,61,1,05:09,OKC,MIA,203500 Steven Adams,201566 Russell Westbrook,Adams  Dunk (4 PTS) (Westbrook 1 AST),https://www.nba.com/stats/events?GameEventID=61&GameID=0021400623&Season=2014-15&flag=1,https://www.nba.com/stats/events?GameEventID=61&GameID=0021400623&Season=2014-15&flag=1&title=Adams%20%20Dunk%20%284%20PTS%29%20%28Westbrook%201%20AST%29
2014-15,Regular Season,2015-01-20,0021400623,492,4,01:19,OKC,MIA,203500 Steven Adams,201566 Russell Westbrook,Adams  Dunk (10 PTS) (Westbrook 6 AST),https://www.nba.com/stats/events?GameEventID=492&GameID=0021400623&Season=2014-15&flag=1,https://www.nba.com/stats/events?GameEventID=492&GameID=0021400623&Season=2014-15&flag=1&title=Adams%20%20Dunk%20%2810%20PTS%29%20%28Westbrook%206%20AST%29
2014-15,Regular Season,2015-01-28,0021400688,230,2,01:58,OKC,NYK,203500 Steven Adams,201566 Russell Westbrook,Adams  Alley Oop Dunk (2 PTS) (Westbrook 2 AST),https://www.nba.com/stats/events?GameEventID=230&GameID=0021400688&Season=2014-15&flag=1,https://www.nba.com/stats/events?GameEventID=230&GameID=0021400688&Season=2014-15&flag=1&title=Adams%20%20Alley%20Oop%20Dunk%20%282%20PTS%29%20%28Westbrook%202%20AST%29
2014-15,Regular Season,2015-01-31,0021400710,271,3,10:07,OKC,MEM,203500 Steven Adams,201566 Russell Westbrook,Adams  Dunk (4 PTS) (Westbrook 3 AST),https://www.nba.com/stats/events?GameEventID=271&GameID=0021400710&Season=2014-15&flag=1,https://www.nba.com/stats/events?GameEventID=271&GameID=0021400710&Season=2014-15&flag=1&title=Adams%20%20Dunk%20%284%20PTS%29%20%28Westbrook%203%20AST%29
2014-15,Regular Season,2015-02-02,0021400723,191,2,05:44,ORL,OKC,203500 Steven Adams,201566 Russell Westbrook,Adams Dunk (4 PTS) (Westbrook 7 AST),https://www.nba.com/stats/events?GameEventID=191&GameID=0021400723&Season=2014-15&flag=1,https://www.nba.com/stats/events?GameEventID=191&GameID=0021400723&Season=2014-15&flag=1&title=Adams%20Dunk%20%284%20PTS%29%20%28Westbrook%207%20AST%29
2014-15,Regular Season,2015-02-02,0021400723,236,2,01:17,ORL,OKC,203500 Steven Adams,201566 Russell Westbrook,Adams Dunk (8 PTS) (Westbrook 9 AST),https://www.nba.com/stats/events?GameEventID=236&GameID=0021400723&Season=2014-15&flag=1,https://www.nba.com/stats/events?GameEventID=236&GameID=0021400723&Season=2014-15&flag=1&title=Adams%20Dunk%20%288%20PTS%29%20%28Westbrook%209%20AST%29
2014-15,Regular Season,2015-02-04,0021400738,483,4,00:47,OKC,NOP,203500 Steven Adams,201566 Russell Westbrook,Adams  Dunk (8 PTS) (Westbrook 6 AST),https://www.nba.com/stats/events?GameEventID=483&GameID=0021400738&Season=2014-15&flag=1,https://www.nba.com/stats/events?GameEventID=483&GameID=0021400738&Season=2014-15&flag=1&title=Adams%20%20Dunk%20%288%20PTS%29%20%28Westbrook%206%20AST%29
2014-15,Regular Season,2015-02-06,0021400755,247,3,10:38,NOP,OKC,203500 Steven Adams,201566 Russell Westbrook,Adams  Dunk (7 PTS) (Westbrook 7 AST),https://www.nba.com/stats/events?GameEventID=247&GameID=0021400755&Season=2014-15&flag=1,https://www.nba.com/stats/events?GameEventID=247&GameID=0021400755&Season=2014-15&flag=1&title=Adams%20%20Dunk%20%287%20PTS%29%20%28Westbrook%207%20AST%29
2014-15,Regular Season,2015-03-18,0021401011,441,4,08:52,BOS,OKC,203500 Steven Adams,201566 Russell Westbrook,Adams  Alley Oop Dunk (12 PTS) (Westbrook 9 AST),https://www.nba.com/stats/events?GameEventID=441&GameID=0021401011&Season=2014-15&flag=1,https://www.nba.com/stats/events?GameEventID=441&GameID=0021401011&Season=2014-15&flag=1&title=Adams%20%20Alley%20Oop%20Dunk%20%2812%20PTS%29%20%28Westbrook%209%20AST%29
2014-15,Regular Season,2015-03-20,0021401026,327,3,06:17,ATL,OKC,203500 Steven Adams,201566 Russell Westbrook,Adams  Dunk (10 PTS) (Westbrook 9 AST),https://www.nba.com/stats/events?GameEventID=327&GameID=0021401026&Season=2014-15&flag=1,https://www.nba.com/stats/events?GameEventID=327&GameID=0021401026&Season=2014-15&flag=1&title=Adams%20%20Dunk%20%2810%20PTS%29%20%28Westbrook%209%20AST%29
2014-15,Regular Season,2015-03-22,0021401038,73,1,04:35,MIA,OKC,203500 Steven Adams,201566 Russell Westbrook,Adams Dunk (2 PTS) (Westbrook 6 AST),https://www.nba.com/stats/events?GameEventID=73&GameID=0021401038&Season=2014-15&flag=1,https://www.nba.com/stats/events?GameEventID=73&GameID=0021401038&Season=2014-15&flag=1&title=Adams%20Dunk%20%282%20PTS%29%20%28Westbrook%206%20AST%29
2014-15,Regular Season,2015-03-22,0021401038,231,2,03:48,MIA,OKC,203500 Steven Adams,201566 Russell Westbrook,Adams Dunk (4 PTS) (Westbrook 9 AST),https://www.nba.com/stats/events?GameEventID=231&GameID=0021401038&Season=2014-15&flag=1,https://www.nba.com/stats/events?GameEventID=231&GameID=0021401038&Season=2014-15&flag=1&title=Adams%20Dunk%20%284%20PTS%29%20%28Westbrook%209%20AST%29
2014-15,Regular Season,2015-03-22,0021401038,464,4,05:27,MIA,OKC,203500 Steven Adams,201566 Russell Westbrook,Adams Dunk (6 PTS) (Westbrook 15 AST),https://www.nba.com/stats/events?GameEventID=464&GameID=0021401038&Season=2014-15&flag=1,https://www.nba.com/stats/events?GameEventID=464&GameID=0021401038&Season=2014-15&flag=1&title=Adams%20Dunk%20%286%20PTS%29%20%28Westbrook%2015%20AST%29
2014-15,Regular Season,2015-03-22,0021401038,480,4,03:32,MIA,OKC,203500 Steven Adams,201566 Russell Westbrook,Adams Dunk (10 PTS) (Westbrook 17 AST),https://www.nba.com/stats/events?GameEventID=480&GameID=0021401038&Season=2014-15&flag=1,https://www.nba.com/stats/events?GameEventID=480&GameID=0021401038&Season=2014-15&flag=1&title=Adams%20Dunk%20%2810%20PTS%29%20%28Westbrook%2017%20AST%29
2014-15,Regular Season,2015-03-25,0021401071,21,1,08:59,OKC,SAS,203500 Steven Adams,201566 Russell Westbrook,Adams  Dunk (2 PTS) (Westbrook 1 AST),https://www.nba.com/stats/events?GameEventID=21&GameID=0021401071&Season=2014-15&flag=1,https://www.nba.com/stats/events?GameEventID=21&GameID=0021401071&Season=2014-15&flag=1&title=Adams%20%20Dunk%20%282%20PTS%29%20%28Westbrook%201%20AST%29
2014-15,Regular Season,2015-03-29,0021401100,119,1,01:57,OKC,PHX,203500 Steven Adams,201566 Russell Westbrook,Adams  Alley Oop Dunk (4 PTS) (Westbrook 3 AST),https://www.nba.com/stats/events?GameEventID=119&GameID=0021401100&Season=2014-15&flag=1,https://www.nba.com/stats/events?GameEventID=119&GameID=0021401100&Season=2014-15&flag=1&title=Adams%20%20Alley%20Oop%20Dunk%20%284%20PTS%29%20%28Westbrook%203%20AST%29
2014-15,Regular Season,2015-04-01,0021401120,194,2,06:43,DAL,OKC,203500 Steven Adams,201566 Russell Westbrook,Adams  Dunk (4 PTS) (Westbrook 4 AST),https://www.nba.com/stats/events?GameEventID=194&GameID=0021401120&Season=2014-15&flag=1,https://www.nba.com/stats/events?GameEventID=194&GameID=0021401120&Season=2014-15&flag=1&title=Adams%20%20Dunk%20%284%20PTS%29%20%28Westbrook%204%20AST%29
2014-15,Regular Season,2015-04-01,0021401120,472,4,06:43,DAL,OKC,203500 Steven Adams,201566 Russell Westbrook,Adams  Dunk (6 PTS) (Westbrook 10 AST),https://www.nba.com/stats/events?GameEventID=472&GameID=0021401120&Season=2014-15&flag=1,https://www.nba.com/stats/events?GameEventID=472&GameID=0021401120&Season=2014-15&flag=1&title=Adams%20%20Dunk%20%286%20PTS%29%20%28Westbrook%2010%20AST%29
2014-15,Regular Season,2015-04-12,0021401197,26,1,08:29,OKC,IND,203500 Steven Adams,201566 Russell Westbrook,Adams Slam Dunk (2 PTS) (Westbrook 1 AST),https://www.nba.com/stats/events?GameEventID=26&GameID=0021401197&Season=2014-15&flag=1,https://www.nba.com/stats/events?GameEventID=26&GameID=0021401197&Season=2014-15&flag=1&title=Adams%20Slam%20Dunk%20%282%20PTS%29%20%28Westbrook%201%20AST%29
2014-15,Regular Season,2015-04-15,0021401222,337,3,09:30,OKC,MIN,203500 Steven Adams,201566 Russell Westbrook,Adams  Slam Dunk (5 PTS) (Westbrook 5 AST),https://www.nba.com/stats/events?GameEventID=337&GameID=0021401222&Season=2014-15&flag=1,https://www.nba.com/stats/events?GameEventID=337&GameID=0021401222&Season=2014-15&flag=1&title=Adams%20%20Slam%20Dunk%20%285%20PTS%29%20%28Westbrook%205%20AST%29
2015-16,Regular Season,2015-10-30,0021500022,715,6,02:38,OKC,ORL,203500 Steven Adams,201566 Russell Westbrook,Adams  Dunk (7 PTS) (Westbrook 7 AST),https://www.nba.com/stats/events?GameEventID=715&GameID=0021500022&Season=2015-16&flag=1,https://www.nba.com/stats/events?GameEventID=715&GameID=0021500022&Season=2015-16&flag=1&title=Adams%20%20Dunk%20%287%20PTS%29%20%28Westbrook%207%20AST%29
2015-16,Regular Season,2015-11-02,0021500049,309,3,11:00,OKC,HOU,203500 Steven Adams,201566 Russell Westbrook,Adams  Cutting Dunk Shot (2 PTS) (Westbrook 6 AST),https://www.nba.com/stats/events?GameEventID=309&GameID=0021500049&Season=2015-16&flag=1,https://www.nba.com/stats/events?GameEventID=309&GameID=0021500049&Season=2015-16&flag=1&title=Adams%20%20Cutting%20Dunk%20Shot%20%282%20PTS%29%20%28Westbrook%206%20AST%29
2015-16,Regular Season,2015-11-04,0021500066,17,1,09:55,TOR,OKC,203500 Steven Adams,201566 Russell Westbrook,Adams  Dunk (4 PTS) (Westbrook 1 AST),https://www.nba.com/stats/events?GameEventID=17&GameID=0021500066&Season=2015-16&flag=1,https://www.nba.com/stats/events?GameEventID=17&GameID=0021500066&Season=2015-16&flag=1&title=Adams%20%20Dunk%20%284%20PTS%29%20%28Westbrook%201%20AST%29
2015-16,Regular Season,2015-11-08,0021500097,285,2,01:30,PHX,OKC,203500 Steven Adams,201566 Russell Westbrook,Adams  Dunk (5 PTS) (Westbrook 8 AST),https://www.nba.com/stats/events?GameEventID=285&GameID=0021500097&Season=2015-16&flag=1,https://www.nba.com/stats/events?GameEventID=285&GameID=0021500097&Season=2015-16&flag=1&title=Adams%20%20Dunk%20%285%20PTS%29%20%28Westbrook%208%20AST%29
2015-16,Regular Season,2015-11-13,0021500134,36,1,07:21,PHI,OKC,203500 Steven Adams,201566 Russell Westbrook,Adams  Dunk (2 PTS) (Westbrook 1 AST),https://www.nba.com/stats/events?GameEventID=36&GameID=0021500134&Season=2015-16&flag=1,https://www.nba.com/stats/events?GameEventID=36&GameID=0021500134&Season=2015-16&flag=1&title=Adams%20%20Dunk%20%282%20PTS%29%20%28Westbrook%201%20AST%29
2015-16,Regular Season,2015-11-16,0021500155,236,2,02:09,OKC,MEM,203500 Steven Adams,201566 Russell Westbrook,Adams Cutting Dunk Shot (9 PTS) (Westbrook 4 AST),https://www.nba.com/stats/events?GameEventID=236&GameID=0021500155&Season=2015-16&flag=1,https://www.nba.com/stats/events?GameEventID=236&GameID=0021500155&Season=2015-16&flag=1&title=Adams%20Cutting%20Dunk%20Shot%20%289%20PTS%29%20%28Westbrook%204%20AST%29
2015-16,Regular Season,2015-11-25,0021500223,64,1,05:30,BKN,OKC,203500 Steven Adams,201566 Russell Westbrook,Adams  Dunk (2 PTS) (Westbrook 2 AST),https://www.nba.com/stats/events?GameEventID=64&GameID=0021500223&Season=2015-16&flag=1,https://www.nba.com/stats/events?GameEventID=64&GameID=0021500223&Season=2015-16&flag=1&title=Adams%20%20Dunk%20%282%20PTS%29%20%28Westbrook%202%20AST%29
2015-16,Regular Season,2015-11-25,0021500223,223,2,01:37,BKN,OKC,203500 Steven Adams,201566 Russell Westbrook,Adams  Dunk (4 PTS) (Westbrook 5 AST),https://www.nba.com/stats/events?GameEventID=223&GameID=0021500223&Season=2015-16&flag=1,https://www.nba.com/stats/events?GameEventID=223&GameID=0021500223&Season=2015-16&flag=1&title=Adams%20%20Dunk%20%284%20PTS%29%20%28Westbrook%205%20AST%29
2015-16,Regular Season,2015-12-06,0021500303,42,1,06:51,SAC,OKC,203500 Steven Adams,201566 Russell Westbrook,Adams  Dunk (2 PTS) (Westbrook 1 AST),https://www.nba.com/stats/events?GameEventID=42&GameID=0021500303&Season=2015-16&flag=1,https://www.nba.com/stats/events?GameEventID=42&GameID=0021500303&Season=2015-16&flag=1&title=Adams%20%20Dunk%20%282%20PTS%29%20%28Westbrook%201%20AST%29
2015-16,Regular Season,2015-12-06,0021500303,70,1,04:16,SAC,OKC,203500 Steven Adams,201566 Russell Westbrook,Adams  Alley Oop Dunk (6 PTS) (Westbrook 3 AST),https://www.nba.com/stats/events?GameEventID=70&GameID=0021500303&Season=2015-16&flag=1,https://www.nba.com/stats/events?GameEventID=70&GameID=0021500303&Season=2015-16&flag=1&title=Adams%20%20Alley%20Oop%20Dunk%20%286%20PTS%29%20%28Westbrook%203%20AST%29
2015-16,Regular Season,2015-12-10,0021500331,253,3,11:33,ATL,OKC,203500 Steven Adams,201566 Russell Westbrook,Adams  Dunk (10 PTS) (Westbrook 7 AST),https://www.nba.com/stats/events?GameEventID=253&GameID=0021500331&Season=2015-16&flag=1,https://www.nba.com/stats/events?GameEventID=253&GameID=0021500331&Season=2015-16&flag=1&title=Adams%20%20Dunk%20%2810%20PTS%29%20%28Westbrook%207%20AST%29
2015-16,Regular Season,2015-12-16,0021500378,44,1,07:16,POR,OKC,203500 Steven Adams,201566 Russell Westbrook,Adams  Alley Oop Dunk (5 PTS) (Westbrook 3 AST),https://www.nba.com/stats/events?GameEventID=44&GameID=0021500378&Season=2015-16&flag=1,https://www.nba.com/stats/events?GameEventID=44&GameID=0021500378&Season=2015-16&flag=1&title=Adams%20%20Alley%20Oop%20Dunk%20%285%20PTS%29%20%28Westbrook%203%20AST%29
2015-16,Regular Season,2015-12-17,0021500384,54,1,05:31,OKC,CLE,203500 Steven Adams,201566 Russell Westbrook,Adams  Alley Oop Dunk (2 PTS) (Westbrook 2 AST),https://www.nba.com/stats/events?GameEventID=54&GameID=0021500384&Season=2015-16&flag=1,https://www.nba.com/stats/events?GameEventID=54&GameID=0021500384&Season=2015-16&flag=1&title=Adams%20%20Alley%20Oop%20Dunk%20%282%20PTS%29%20%28Westbrook%202%20AST%29
2015-16,Regular Season,2015-12-17,0021500384,311,3,06:58,OKC,CLE,203500 Steven Adams,201566 Russell Westbrook,Adams  Dunk (4 PTS) (Westbrook 6 AST),https://www.nba.com/stats/events?GameEventID=311&GameID=0021500384&Season=2015-16&flag=1,https://www.nba.com/stats/events?GameEventID=311&GameID=0021500384&Season=2015-16&flag=1&title=Adams%20%20Dunk%20%284%20PTS%29%20%28Westbrook%206%20AST%29
2015-16,Regular Season,2015-12-19,0021500398,82,1,04:38,LAL,OKC,203500 Steven Adams,201566 Russell Westbrook,Adams  Alley Oop Dunk (2 PTS) (Westbrook 4 AST),https://www.nba.com/stats/events?GameEventID=82&GameID=0021500398&Season=2015-16&flag=1,https://www.nba.com/stats/events?GameEventID=82&GameID=0021500398&Season=2015-16&flag=1&title=Adams%20%20Alley%20Oop%20Dunk%20%282%20PTS%29%20%28Westbrook%204%20AST%29
2015-16,Regular Season,2015-12-19,0021500398,235,2,03:02,LAL,OKC,203500 Steven Adams,201566 Russell Westbrook,Adams  Alley Oop Dunk (4 PTS) (Westbrook 7 AST),https://www.nba.com/stats/events?GameEventID=235&GameID=0021500398&Season=2015-16&flag=1,https://www.nba.com/stats/events?GameEventID=235&GameID=0021500398&Season=2015-16&flag=1&title=Adams%20%20Alley%20Oop%20Dunk%20%284%20PTS%29%20%28Westbrook%207%20AST%29
2015-16,Regular Season,2015-12-19,0021500398,259,2,01:21,LAL,OKC,203500 Steven Adams,201566 Russell Westbrook,Adams  Alley Oop Dunk (6 PTS) (Westbrook 8 AST),https://www.nba.com/stats/events?GameEventID=259&GameID=0021500398&Season=2015-16&flag=1,https://www.nba.com/stats/events?GameEventID=259&GameID=0021500398&Season=2015-16&flag=1&title=Adams%20%20Alley%20Oop%20Dunk%20%286%20PTS%29%20%28Westbrook%208%20AST%29
2015-16,Regular Season,2015-12-19,0021500398,340,3,04:56,LAL,OKC,203500 Steven Adams,201566 Russell Westbrook,Adams  Alley Oop Dunk (10 PTS) (Westbrook 9 AST),https://www.nba.com/stats/events?GameEventID=340&GameID=0021500398&Season=2015-16&flag=1,https://www.nba.com/stats/events?GameEventID=340&GameID=0021500398&Season=2015-16&flag=1&title=Adams%20%20Alley%20Oop%20Dunk%20%2810%20PTS%29%20%28Westbrook%209%20AST%29
2015-16,Regular Season,2015-12-21,0021500418,447,4,05:59,OKC,LAC,203500 Steven Adams,201566 Russell Westbrook,Adams  Alley Oop Dunk (6 PTS) (Westbrook 6 AST),https://www.nba.com/stats/events?GameEventID=447&GameID=0021500418&Season=2015-16&flag=1,https://www.nba.com/stats/events?GameEventID=447&GameID=0021500418&Season=2015-16&flag=1&title=Adams%20%20Alley%20Oop%20Dunk%20%286%20PTS%29%20%28Westbrook%206%20AST%29
2015-16,Regular Season,2015-12-23,0021500435,191,2,05:25,OKC,LAL,203500 Steven Adams,201566 Russell Westbrook,Adams  Cutting Dunk Shot (4 PTS) (Westbrook 2 AST),https://www.nba.com/stats/events?GameEventID=191&GameID=0021500435&Season=2015-16&flag=1,https://www.nba.com/stats/events?GameEventID=191&GameID=0021500435&Season=2015-16&flag=1&title=Adams%20%20Cutting%20Dunk%20Shot%20%284%20PTS%29%20%28Westbrook%202%20AST%29
2015-16,Regular Season,2016-01-02,0021500497,10,1,10:22,OKC,CHA,203500 Steven Adams,201566 Russell Westbrook,Adams  Dunk (2 PTS) (Westbrook 1 AST),https://www.nba.com/stats/events?GameEventID=10&GameID=0021500497&Season=2015-16&flag=1,https://www.nba.com/stats/events?GameEventID=10&GameID=0021500497&Season=2015-16&flag=1&title=Adams%20%20Dunk%20%282%20PTS%29%20%28Westbrook%201%20AST%29
2015-16,Regular Season,2016-01-04,0021500517,366,3,05:31,SAC,OKC,203500 Steven Adams,201566 Russell Westbrook,Adams  Dunk (11 PTS) (Westbrook 12 AST),https://www.nba.com/stats/events?GameEventID=366&GameID=0021500517&Season=2015-16&flag=1,https://www.nba.com/stats/events?GameEventID=366&GameID=0021500517&Season=2015-16&flag=1&title=Adams%20%20Dunk%20%2811%20PTS%29%20%28Westbrook%2012%20AST%29
2015-16,Regular Season,2016-01-08,0021500549,518,4,01:21,OKC,LAL,203500 Steven Adams,201566 Russell Westbrook,Adams  Dunk (8 PTS) (Westbrook 7 AST),https://www.nba.com/stats/events?GameEventID=518&GameID=0021500549&Season=2015-16&flag=1,https://www.nba.com/stats/events?GameEventID=518&GameID=0021500549&Season=2015-16&flag=1&title=Adams%20%20Dunk%20%288%20PTS%29%20%28Westbrook%207%20AST%29
2015-16,Regular Season,2016-01-10,0021500564,99,1,02:09,OKC,POR,203500 Steven Adams,201566 Russell Westbrook,Adams  Cutting Dunk Shot (4 PTS) (Westbrook 6 AST),https://www.nba.com/stats/events?GameEventID=99&GameID=0021500564&Season=2015-16&flag=1,https://www.nba.com/stats/events?GameEventID=99&GameID=0021500564&Season=2015-16&flag=1&title=Adams%20%20Cutting%20Dunk%20Shot%20%284%20PTS%29%20%28Westbrook%206%20AST%29
2015-16,Regular Season,2016-01-10,0021500564,251,2,00:42,OKC,POR,203500 Steven Adams,201566 Russell Westbrook,Adams 1' Running Alley Oop Dunk Shot (10 PTS) (Westbrook 10 AST),https://www.nba.com/stats/events?GameEventID=251&GameID=0021500564&Season=2015-16&flag=1,https://www.nba.com/stats/events?GameEventID=251&GameID=0021500564&Season=2015-16&flag=1&title=Adams%201%27%20Running%20Alley%20Oop%20Dunk%20Shot%20%2810%20PTS%29%20%28Westbrook%2010%20AST%29
2015-16,Regular Season,2016-01-10,0021500564,306,3,08:20,OKC,POR,203500 Steven Adams,201566 Russell Westbrook,Adams  Dunk (12 PTS) (Westbrook 12 AST),https://www.nba.com/stats/events?GameEventID=306&GameID=0021500564&Season=2015-16&flag=1,https://www.nba.com/stats/events?GameEventID=306&GameID=0021500564&Season=2015-16&flag=1&title=Adams%20%20Dunk%20%2812%20PTS%29%20%28Westbrook%2012%20AST%29
2015-16,Regular Season,2016-01-10,0021500564,371,3,03:36,OKC,POR,203500 Steven Adams,201566 Russell Westbrook,Adams  Alley Oop Dunk (15 PTS) (Westbrook 13 AST),https://www.nba.com/stats/events?GameEventID=371&GameID=0021500564&Season=2015-16&flag=1,https://www.nba.com/stats/events?GameEventID=371&GameID=0021500564&Season=2015-16&flag=1&title=Adams%20%20Alley%20Oop%20Dunk%20%2815%20PTS%29%20%28Westbrook%2013%20AST%29
2015-16,Regular Season,2016-01-12,0021500574,65,1,06:11,OKC,MIN,203500 Steven Adams,201566 Russell Westbrook,Adams  Alley Oop Dunk (6 PTS) (Westbrook 2 AST),https://www.nba.com/stats/events?GameEventID=65&GameID=0021500574&Season=2015-16&flag=1,https://www.nba.com/stats/events?GameEventID=65&GameID=0021500574&Season=2015-16&flag=1&title=Adams%20%20Alley%20Oop%20Dunk%20%286%20PTS%29%20%28Westbrook%202%20AST%29
2015-16,Regular Season,2016-01-13,0021500582,276,2,01:44,DAL,OKC,203500 Steven Adams,201566 Russell Westbrook,Adams  Alley Oop Dunk (4 PTS) (Westbrook 8 AST),https://www.nba.com/stats/events?GameEventID=276&GameID=0021500582&Season=2015-16&flag=1,https://www.nba.com/stats/events?GameEventID=276&GameID=0021500582&Season=2015-16&flag=1&title=Adams%20%20Alley%20Oop%20Dunk%20%284%20PTS%29%20%28Westbrook%208%20AST%29
2015-16,Regular Season,2016-01-17,0021500611,55,1,06:05,MIA,OKC,203500 Steven Adams,201566 Russell Westbrook,Adams  Dunk (4 PTS) (Westbrook 4 AST),https://www.nba.com/stats/events?GameEventID=55&GameID=0021500611&Season=2015-16&flag=1,https://www.nba.com/stats/events?GameEventID=55&GameID=0021500611&Season=2015-16&flag=1&title=Adams%20%20Dunk%20%284%20PTS%29%20%28Westbrook%204%20AST%29
2015-16,Regular Season,2016-01-17,0021500611,323,3,04:04,MIA,OKC,203500 Steven Adams,201566 Russell Westbrook,Adams  Alley Oop Dunk (6 PTS) (Westbrook 14 AST),https://www.nba.com/stats/events?GameEventID=323&GameID=0021500611&Season=2015-16&flag=1,https://www.nba.com/stats/events?GameEventID=323&GameID=0021500611&Season=2015-16&flag=1&title=Adams%20%20Alley%20Oop%20Dunk%20%286%20PTS%29%20%28Westbrook%2014%20AST%29
2015-16,Regular Season,2016-01-19,0021500627,40,1,07:01,OKC,DEN,203500 Steven Adams,201566 Russell Westbrook,Adams  Cutting Dunk Shot (6 PTS) (Westbrook 5 AST),https://www.nba.com/stats/events?GameEventID=40&GameID=0021500627&Season=2015-16&flag=1,https://www.nba.com/stats/events?GameEventID=40&GameID=0021500627&Season=2015-16&flag=1&title=Adams%20%20Cutting%20Dunk%20Shot%20%286%20PTS%29%20%28Westbrook%205%20AST%29
2015-16,Regular Season,2016-01-20,0021500636,24,1,09:56,CHA,OKC,203500 Steven Adams,201566 Russell Westbrook,Adams  Dunk (3 PTS) (Westbrook 2 AST),https://www.nba.com/stats/events?GameEventID=24&GameID=0021500636&Season=2015-16&flag=1,https://www.nba.com/stats/events?GameEventID=24&GameID=0021500636&Season=2015-16&flag=1&title=Adams%20%20Dunk%20%283%20PTS%29%20%28Westbrook%202%20AST%29
2015-16,Regular Season,2016-01-20,0021500636,266,3,11:06,CHA,OKC,203500 Steven Adams,201566 Russell Westbrook,Adams  Dunk (7 PTS) (Westbrook 12 AST),https://www.nba.com/stats/events?GameEventID=266&GameID=0021500636&Season=2015-16&flag=1,https://www.nba.com/stats/events?GameEventID=266&GameID=0021500636&Season=2015-16&flag=1&title=Adams%20%20Dunk%20%287%20PTS%29%20%28Westbrook%2012%20AST%29
2015-16,Regular Season,2016-01-20,0021500636,340,3,05:29,CHA,OKC,203500 Steven Adams,201566 Russell Westbrook,Adams  Dunk (9 PTS) (Westbrook 15 AST),https://www.nba.com/stats/events?GameEventID=340&GameID=0021500636&Season=2015-16&flag=1,https://www.nba.com/stats/events?GameEventID=340&GameID=0021500636&Season=2015-16&flag=1&title=Adams%20%20Dunk%20%289%20PTS%29%20%28Westbrook%2015%20AST%29
2015-16,Regular Season,2016-01-27,0021500688,36,1,08:37,OKC,MIN,203500 Steven Adams,201566 Russell Westbrook,Adams  Dunk (2 PTS) (Westbrook 1 AST),https://www.nba.com/stats/events?GameEventID=36&GameID=0021500688&Season=2015-16&flag=1,https://www.nba.com/stats/events?GameEventID=36&GameID=0021500688&Season=2015-16&flag=1&title=Adams%20%20Dunk%20%282%20PTS%29%20%28Westbrook%201%20AST%29
2015-16,Regular Season,2016-01-27,0021500688,513,4,01:14,OKC,MIN,203500 Steven Adams,201566 Russell Westbrook,Adams  Cutting Dunk Shot (8 PTS) (Westbrook 15 AST),https://www.nba.com/stats/events?GameEventID=513&GameID=0021500688&Season=2015-16&flag=1,https://www.nba.com/stats/events?GameEventID=513&GameID=0021500688&Season=2015-16&flag=1&title=Adams%20%20Cutting%20Dunk%20Shot%20%288%20PTS%29%20%28Westbrook%2015%20AST%29
2015-16,Regular Season,2016-02-01,0021500725,303,3,06:30,WAS,OKC,203500 Steven Adams,201566 Russell Westbrook,Adams  Alley Oop Dunk (7 PTS) (Westbrook 8 AST),https://www.nba.com/stats/events?GameEventID=303&GameID=0021500725&Season=2015-16&flag=1,https://www.nba.com/stats/events?GameEventID=303&GameID=0021500725&Season=2015-16&flag=1&title=Adams%20%20Alley%20Oop%20Dunk%20%287%20PTS%29%20%28Westbrook%208%20AST%29
2015-16,Regular Season,2016-02-03,0021500740,156,2,07:33,ORL,OKC,203500 Steven Adams,201566 Russell Westbrook,Adams  Alley Oop Dunk (7 PTS) (Westbrook 7 AST),https://www.nba.com/stats/events?GameEventID=156&GameID=0021500740&Season=2015-16&flag=1,https://www.nba.com/stats/events?GameEventID=156&GameID=0021500740&Season=2015-16&flag=1&title=Adams%20%20Alley%20Oop%20Dunk%20%287%20PTS%29%20%28Westbrook%207%20AST%29
2015-16,Regular Season,2016-02-06,0021500769,2,1,11:46,OKC,GSW,203500 Steven Adams,201566 Russell Westbrook,Adams Alley Oop Dunk (2 PTS) (Westbrook 1 AST),https://www.nba.com/stats/events?GameEventID=2&GameID=0021500769&Season=2015-16&flag=1,https://www.nba.com/stats/events?GameEventID=2&GameID=0021500769&Season=2015-16&flag=1&title=Adams%20Alley%20Oop%20Dunk%20%282%20PTS%29%20%28Westbrook%201%20AST%29
2015-16,Regular Season,2016-02-06,0021500769,183,2,08:07,OKC,GSW,203500 Steven Adams,201566 Russell Westbrook,Adams 1' Alley Oop Dunk (6 PTS) (Westbrook 4 AST),https://www.nba.com/stats/events?GameEventID=183&GameID=0021500769&Season=2015-16&flag=1,https://www.nba.com/stats/events?GameEventID=183&GameID=0021500769&Season=2015-16&flag=1&title=Adams%201%27%20Alley%20Oop%20Dunk%20%286%20PTS%29%20%28Westbrook%204%20AST%29
2015-16,Regular Season,2016-02-11,0021500802,67,1,03:38,NOP,OKC,203500 Steven Adams,201566 Russell Westbrook,Adams  Dunk (4 PTS) (Westbrook 2 AST),https://www.nba.com/stats/events?GameEventID=67&GameID=0021500802&Season=2015-16&flag=1,https://www.nba.com/stats/events?GameEventID=67&GameID=0021500802&Season=2015-16&flag=1&title=Adams%20%20Dunk%20%284%20PTS%29%20%28Westbrook%202%20AST%29
2015-16,Regular Season,2016-02-19,0021500812,182,2,06:11,IND,OKC,203500 Steven Adams,201566 Russell Westbrook,Adams Alley Oop Dunk (4 PTS) (Westbrook 8 AST),https://www.nba.com/stats/events?GameEventID=182&GameID=0021500812&Season=2015-16&flag=1,https://www.nba.com/stats/events?GameEventID=182&GameID=0021500812&Season=2015-16&flag=1&title=Adams%20Alley%20Oop%20Dunk%20%284%20PTS%29%20%28Westbrook%208%20AST%29
2015-16,Regular Season,2016-02-21,0021500824,27,1,08:50,CLE,OKC,203500 Steven Adams,201566 Russell Westbrook,Adams  Dunk (2 PTS) (Westbrook 1 AST),https://www.nba.com/stats/events?GameEventID=27&GameID=0021500824&Season=2015-16&flag=1,https://www.nba.com/stats/events?GameEventID=27&GameID=0021500824&Season=2015-16&flag=1&title=Adams%20%20Dunk%20%282%20PTS%29%20%28Westbrook%201%20AST%29
2015-16,Regular Season,2016-02-21,0021500824,33,1,07:28,CLE,OKC,203500 Steven Adams,201566 Russell Westbrook,Adams  Dunk (4 PTS) (Westbrook 2 AST),https://www.nba.com/stats/events?GameEventID=33&GameID=0021500824&Season=2015-16&flag=1,https://www.nba.com/stats/events?GameEventID=33&GameID=0021500824&Season=2015-16&flag=1&title=Adams%20%20Dunk%20%284%20PTS%29%20%28Westbrook%202%20AST%29
2015-16,Regular Season,2016-02-24,0021500852,395,3,04:09,OKC,DAL,203500 Steven Adams,201566 Russell Westbrook,Adams  Cutting Dunk Shot (13 PTS) (Westbrook 8 AST),https://www.nba.com/stats/events?GameEventID=395&GameID=0021500852&Season=2015-16&flag=1,https://www.nba.com/stats/events?GameEventID=395&GameID=0021500852&Season=2015-16&flag=1&title=Adams%20%20Cutting%20Dunk%20Shot%20%2813%20PTS%29%20%28Westbrook%208%20AST%29
2015-16,Regular Season,2016-02-24,0021500852,609,4,01:11,OKC,DAL,203500 Steven Adams,201566 Russell Westbrook,Adams  Dunk (15 PTS) (Westbrook 13 AST),https://www.nba.com/stats/events?GameEventID=609&GameID=0021500852&Season=2015-16&flag=1,https://www.nba.com/stats/events?GameEventID=609&GameID=0021500852&Season=2015-16&flag=1&title=Adams%20%20Dunk%20%2815%20PTS%29%20%28Westbrook%2013%20AST%29
2015-16,Regular Season,2016-03-02,0021500907,4,1,11:24,OKC,LAC,203500 Steven Adams,201566 Russell Westbrook,Adams  Dunk (2 PTS) (Westbrook 1 AST),https://www.nba.com/stats/events?GameEventID=4&GameID=0021500907&Season=2015-16&flag=1,https://www.nba.com/stats/events?GameEventID=4&GameID=0021500907&Season=2015-16&flag=1&title=Adams%20%20Dunk%20%282%20PTS%29%20%28Westbrook%201%20AST%29
2015-16,Regular Season,2016-03-02,0021500907,328,3,05:57,OKC,LAC,203500 Steven Adams,201566 Russell Westbrook,Adams  Alley Oop Dunk (6 PTS) (Westbrook 9 AST),https://www.nba.com/stats/events?GameEventID=328&GameID=0021500907&Season=2015-16&flag=1,https://www.nba.com/stats/events?GameEventID=328&GameID=0021500907&Season=2015-16&flag=1&title=Adams%20%20Alley%20Oop%20Dunk%20%286%20PTS%29%20%28Westbrook%209%20AST%29
2015-16,Regular Season,2016-03-06,0021500930,546,4,04:51,OKC,MIL,203500 Steven Adams,201566 Russell Westbrook,Adams  Dunk (14 PTS) (Westbrook 11 AST),https://www.nba.com/stats/events?GameEventID=546&GameID=0021500930&Season=2015-16&flag=1,https://www.nba.com/stats/events?GameEventID=546&GameID=0021500930&Season=2015-16&flag=1&title=Adams%20%20Dunk%20%2814%20PTS%29%20%28Westbrook%2011%20AST%29
2015-16,Regular Season,2016-03-09,0021500955,511,4,02:00,LAC,OKC,203500 Steven Adams,201566 Russell Westbrook,Adams  Dunk (9 PTS) (Westbrook 18 AST),https://www.nba.com/stats/events?GameEventID=511&GameID=0021500955&Season=2015-16&flag=1,https://www.nba.com/stats/events?GameEventID=511&GameID=0021500955&Season=2015-16&flag=1&title=Adams%20%20Dunk%20%289%20PTS%29%20%28Westbrook%2018%20AST%29
2015-16,Regular Season,2016-03-11,0021500968,334,3,06:39,MIN,OKC,203500 Steven Adams,201566 Russell Westbrook,Adams  Dunk (6 PTS) (Westbrook 5 AST),https://www.nba.com/stats/events?GameEventID=334&GameID=0021500968&Season=2015-16&flag=1,https://www.nba.com/stats/events?GameEventID=334&GameID=0021500968&Season=2015-16&flag=1&title=Adams%20%20Dunk%20%286%20PTS%29%20%28Westbrook%205%20AST%29
2015-16,Regular Season,2016-03-14,0021500993,3,1,11:22,POR,OKC,203500 Steven Adams,201566 Russell Westbrook,Adams  Dunk (2 PTS) (Westbrook 1 AST),https://www.nba.com/stats/events?GameEventID=3&GameID=0021500993&Season=2015-16&flag=1,https://www.nba.com/stats/events?GameEventID=3&GameID=0021500993&Season=2015-16&flag=1&title=Adams%20%20Dunk%20%282%20PTS%29%20%28Westbrook%201%20AST%29
2015-16,Regular Season,2016-03-14,0021500993,295,3,08:52,POR,OKC,203500 Steven Adams,201566 Russell Westbrook,Adams  Dunk (12 PTS) (Westbrook 13 AST),https://www.nba.com/stats/events?GameEventID=295&GameID=0021500993&Season=2015-16&flag=1,https://www.nba.com/stats/events?GameEventID=295&GameID=0021500993&Season=2015-16&flag=1&title=Adams%20%20Dunk%20%2812%20PTS%29%20%28Westbrook%2013%20AST%29
2015-16,Regular Season,2016-03-18,0021501021,214,2,04:02,OKC,PHI,203500 Steven Adams,201566 Russell Westbrook,Adams  Cutting Dunk Shot (8 PTS) (Westbrook 3 AST),https://www.nba.com/stats/events?GameEventID=214&GameID=0021501021&Season=2015-16&flag=1,https://www.nba.com/stats/events?GameEventID=214&GameID=0021501021&Season=2015-16&flag=1&title=Adams%20%20Cutting%20Dunk%20Shot%20%288%20PTS%29%20%28Westbrook%203%20AST%29
2015-16,Regular Season,2016-03-18,0021501021,330,3,06:12,OKC,PHI,203500 Steven Adams,201566 Russell Westbrook,Adams  Running Dunk (10 PTS) (Westbrook 7 AST),https://www.nba.com/stats/events?GameEventID=330&GameID=0021501021&Season=2015-16&flag=1,https://www.nba.com/stats/events?GameEventID=330&GameID=0021501021&Season=2015-16&flag=1&title=Adams%20%20Running%20Dunk%20%2810%20PTS%29%20%28Westbrook%207%20AST%29
2015-16,Regular Season,2016-03-22,0021501054,70,1,04:29,HOU,OKC,203500 Steven Adams,201566 Russell Westbrook,Adams  Alley Oop Dunk (4 PTS) (Westbrook 3 AST),https://www.nba.com/stats/events?GameEventID=70&GameID=0021501054&Season=2015-16&flag=1,https://www.nba.com/stats/events?GameEventID=70&GameID=0021501054&Season=2015-16&flag=1&title=Adams%20%20Alley%20Oop%20Dunk%20%284%20PTS%29%20%28Westbrook%203%20AST%29
2015-16,Regular Season,2016-03-22,0021501054,535,4,03:01,HOU,OKC,203500 Steven Adams,201566 Russell Westbrook,Adams  Cutting Dunk Shot (8 PTS) (Westbrook 14 AST),https://www.nba.com/stats/events?GameEventID=535&GameID=0021501054&Season=2015-16&flag=1,https://www.nba.com/stats/events?GameEventID=535&GameID=0021501054&Season=2015-16&flag=1&title=Adams%20%20Cutting%20Dunk%20Shot%20%288%20PTS%29%20%28Westbrook%2014%20AST%29
2015-16,Regular Season,2016-03-24,0021501071,151,2,08:26,UTA,OKC,203500 Steven Adams,201566 Russell Westbrook,Adams  Cutting Dunk Shot (6 PTS) (Westbrook 3 AST),https://www.nba.com/stats/events?GameEventID=151&GameID=0021501071&Season=2015-16&flag=1,https://www.nba.com/stats/events?GameEventID=151&GameID=0021501071&Season=2015-16&flag=1&title=Adams%20%20Cutting%20Dunk%20Shot%20%286%20PTS%29%20%28Westbrook%203%20AST%29
2015-16,Regular Season,2016-03-26,0021501088,317,3,05:13,SAS,OKC,203500 Steven Adams,201566 Russell Westbrook,Adams  Cutting Dunk Shot (7 PTS) (Westbrook 4 AST),https://www.nba.com/stats/events?GameEventID=317&GameID=0021501088&Season=2015-16&flag=1,https://www.nba.com/stats/events?GameEventID=317&GameID=0021501088&Season=2015-16&flag=1&title=Adams%20%20Cutting%20Dunk%20Shot%20%287%20PTS%29%20%28Westbrook%204%20AST%29
2015-16,Regular Season,2016-03-28,0021501098,198,2,07:27,OKC,TOR,203500 Steven Adams,201566 Russell Westbrook,Adams  Dunk (5 PTS) (Westbrook 3 AST),https://www.nba.com/stats/events?GameEventID=198&GameID=0021501098&Season=2015-16&flag=1,https://www.nba.com/stats/events?GameEventID=198&GameID=0021501098&Season=2015-16&flag=1&title=Adams%20%20Dunk%20%285%20PTS%29%20%28Westbrook%203%20AST%29
2015-16,Regular Season,2016-03-28,0021501098,330,3,07:26,OKC,TOR,203500 Steven Adams,201566 Russell Westbrook,Adams  Alley Oop Dunk (9 PTS) (Westbrook 9 AST),https://www.nba.com/stats/events?GameEventID=330&GameID=0021501098&Season=2015-16&flag=1,https://www.nba.com/stats/events?GameEventID=330&GameID=0021501098&Season=2015-16&flag=1&title=Adams%20%20Alley%20Oop%20Dunk%20%289%20PTS%29%20%28Westbrook%209%20AST%29
2015-16,Regular Season,2016-03-31,0021501126,261,3,09:36,LAC,OKC,203500 Steven Adams,201566 Russell Westbrook,Adams  Cutting Dunk Shot (9 PTS) (Westbrook 7 AST),https://www.nba.com/stats/events?GameEventID=261&GameID=0021501126&Season=2015-16&flag=1,https://www.nba.com/stats/events?GameEventID=261&GameID=0021501126&Season=2015-16&flag=1&title=Adams%20%20Cutting%20Dunk%20Shot%20%289%20PTS%29%20%28Westbrook%207%20AST%29
2015-16,Regular Season,2016-03-31,0021501126,439,4,05:56,LAC,OKC,203500 Steven Adams,201566 Russell Westbrook,Adams  Reverse Dunk (11 PTS) (Westbrook 11 AST),https://www.nba.com/stats/events?GameEventID=439&GameID=0021501126&Season=2015-16&flag=1,https://www.nba.com/stats/events?GameEventID=439&GameID=0021501126&Season=2015-16&flag=1&title=Adams%20%20Reverse%20Dunk%20%2811%20PTS%29%20%28Westbrook%2011%20AST%29
2015-16,Regular Season,2016-04-05,0021501160,324,3,08:33,OKC,DEN,203500 Steven Adams,201566 Russell Westbrook,Adams  Running Dunk (5 PTS) (Westbrook 6 AST),https://www.nba.com/stats/events?GameEventID=324&GameID=0021501160&Season=2015-16&flag=1,https://www.nba.com/stats/events?GameEventID=324&GameID=0021501160&Season=2015-16&flag=1&title=Adams%20%20Running%20Dunk%20%285%20PTS%29%20%28Westbrook%206%20AST%29
2015-16,Regular Season,2016-04-11,0021501209,276,2,01:41,LAL,OKC,203500 Steven Adams,201566 Russell Westbrook,Adams  Alley Oop Dunk (7 PTS) (Westbrook 8 AST),https://www.nba.com/stats/events?GameEventID=276&GameID=0021501209&Season=2015-16&flag=1,https://www.nba.com/stats/events?GameEventID=276&GameID=0021501209&Season=2015-16&flag=1&title=Adams%20%20Alley%20Oop%20Dunk%20%287%20PTS%29%20%28Westbrook%208%20AST%29
2015-16,Playoffs,2016-04-18,0041500162,42,1,06:55,DAL,OKC,203500 Steven Adams,201566 Russell Westbrook,Adams  Cutting Dunk Shot (2 PTS) (Westbrook 1 AST),https://www.nba.com/stats/events?GameEventID=42&GameID=0041500162&Season=2015-16&flag=1,https://www.nba.com/stats/events?GameEventID=42&GameID=0041500162&Season=2015-16&flag=1&title=Adams%20%20Cutting%20Dunk%20Shot%20%282%20PTS%29%20%28Westbrook%201%20AST%29
2015-16,Playoffs,2016-04-23,0041500164,314,3,06:35,OKC,DAL,203500 Steven Adams,201566 Russell Westbrook,Adams  Cutting Dunk Shot (7 PTS) (Westbrook 9 AST),https://www.nba.com/stats/events?GameEventID=314&GameID=0041500164&Season=2015-16&flag=1,https://www.nba.com/stats/events?GameEventID=314&GameID=0041500164&Season=2015-16&flag=1&title=Adams%20%20Cutting%20Dunk%20Shot%20%287%20PTS%29%20%28Westbrook%209%20AST%29
2015-16,Playoffs,2016-04-30,0041500231,226,2,01:26,OKC,SAS,203500 Steven Adams,201566 Russell Westbrook,Adams  Dunk (6 PTS) (Westbrook 5 AST),https://www.nba.com/stats/events?GameEventID=226&GameID=0041500231&Season=2015-16&flag=1,https://www.nba.com/stats/events?GameEventID=226&GameID=0041500231&Season=2015-16&flag=1&title=Adams%20%20Dunk%20%286%20PTS%29%20%28Westbrook%205%20AST%29
2015-16,Playoffs,2016-04-30,0041500231,301,3,05:39,OKC,SAS,203500 Steven Adams,201566 Russell Westbrook,Adams  Alley Oop Dunk (8 PTS) (Westbrook 8 AST),https://www.nba.com/stats/events?GameEventID=301&GameID=0041500231&Season=2015-16&flag=1,https://www.nba.com/stats/events?GameEventID=301&GameID=0041500231&Season=2015-16&flag=1&title=Adams%20%20Alley%20Oop%20Dunk%20%288%20PTS%29%20%28Westbrook%208%20AST%29
2015-16,Playoffs,2016-05-02,0041500232,190,2,07:36,OKC,SAS,203500 Steven Adams,201566 Russell Westbrook,Adams  Cutting Dunk Shot (6 PTS) (Westbrook 3 AST),https://www.nba.com/stats/events?GameEventID=190&GameID=0041500232&Season=2015-16&flag=1,https://www.nba.com/stats/events?GameEventID=190&GameID=0041500232&Season=2015-16&flag=1&title=Adams%20%20Cutting%20Dunk%20Shot%20%286%20PTS%29%20%28Westbrook%203%20AST%29
2015-16,Playoffs,2016-05-02,0041500232,216,2,04:54,OKC,SAS,203500 Steven Adams,201566 Russell Westbrook,Adams  Alley Oop Dunk (8 PTS) (Westbrook 4 AST),https://www.nba.com/stats/events?GameEventID=216&GameID=0041500232&Season=2015-16&flag=1,https://www.nba.com/stats/events?GameEventID=216&GameID=0041500232&Season=2015-16&flag=1&title=Adams%20%20Alley%20Oop%20Dunk%20%288%20PTS%29%20%28Westbrook%204%20AST%29
2015-16,Playoffs,2016-05-08,0041500234,30,1,08:12,SAS,OKC,203500 Steven Adams,201566 Russell Westbrook,Adams  Cutting Dunk Shot (3 PTS) (Westbrook 2 AST),https://www.nba.com/stats/events?GameEventID=30&GameID=0041500234&Season=2015-16&flag=1,https://www.nba.com/stats/events?GameEventID=30&GameID=0041500234&Season=2015-16&flag=1&title=Adams%20%20Cutting%20Dunk%20Shot%20%283%20PTS%29%20%28Westbrook%202%20AST%29
2015-16,Playoffs,2016-05-08,0041500234,244,2,02:29,SAS,OKC,203500 Steven Adams,201566 Russell Westbrook,Adams  Alley Oop Dunk (12 PTS) (Westbrook 7 AST),https://www.nba.com/stats/events?GameEventID=244&GameID=0041500234&Season=2015-16&flag=1,https://www.nba.com/stats/events?GameEventID=244&GameID=0041500234&Season=2015-16&flag=1&title=Adams%20%20Alley%20Oop%20Dunk%20%2812%20PTS%29%20%28Westbrook%207%20AST%29
2015-16,Playoffs,2016-05-08,0041500234,278,3,11:48,SAS,OKC,203500 Steven Adams,201566 Russell Westbrook,Adams  Cutting Dunk Shot (14 PTS) (Westbrook 9 AST),https://www.nba.com/stats/events?GameEventID=278&GameID=0041500234&Season=2015-16&flag=1,https://www.nba.com/stats/events?GameEventID=278&GameID=0041500234&Season=2015-16&flag=1&title=Adams%20%20Cutting%20Dunk%20Shot%20%2814%20PTS%29%20%28Westbrook%209%20AST%29
2015-16,Playoffs,2016-05-08,0041500234,332,3,05:25,SAS,OKC,203500 Steven Adams,201566 Russell Westbrook,Adams  Cutting Dunk Shot (16 PTS) (Westbrook 12 AST),https://www.nba.com/stats/events?GameEventID=332&GameID=0041500234&Season=2015-16&flag=1,https://www.nba.com/stats/events?GameEventID=332&GameID=0041500234&Season=2015-16&flag=1&title=Adams%20%20Cutting%20Dunk%20Shot%20%2816%20PTS%29%20%28Westbrook%2012%20AST%29
2015-16,Playoffs,2016-05-10,0041500235,324,3,05:29,OKC,SAS,203500 Steven Adams,201566 Russell Westbrook,Adams  Dunk (8 PTS) (Westbrook 5 AST),https://www.nba.com/stats/events?GameEventID=324&GameID=0041500235&Season=2015-16&flag=1,https://www.nba.com/stats/events?GameEventID=324&GameID=0041500235&Season=2015-16&flag=1&title=Adams%20%20Dunk%20%288%20PTS%29%20%28Westbrook%205%20AST%29
2015-16,Playoffs,2016-05-10,0041500235,471,4,04:32,OKC,SAS,203500 Steven Adams,201566 Russell Westbrook,Adams  Driving Dunk (12 PTS) (Westbrook 8 AST),https://www.nba.com/stats/events?GameEventID=471&GameID=0041500235&Season=2015-16&flag=1,https://www.nba.com/stats/events?GameEventID=471&GameID=0041500235&Season=2015-16&flag=1&title=Adams%20%20Driving%20Dunk%20%2812%20PTS%29%20%28Westbrook%208%20AST%29
2015-16,Playoffs,2016-05-12,0041500236,201,2,02:43,SAS,OKC,203500 Steven Adams,201566 Russell Westbrook,Adams  Alley Oop Dunk (8 PTS) (Westbrook 6 AST),https://www.nba.com/stats/events?GameEventID=201&GameID=0041500236&Season=2015-16&flag=1,https://www.nba.com/stats/events?GameEventID=201&GameID=0041500236&Season=2015-16&flag=1&title=Adams%20%20Alley%20Oop%20Dunk%20%288%20PTS%29%20%28Westbrook%206%20AST%29
2015-16,Playoffs,2016-05-24,0041500314,458,3,02:44,GSW,OKC,203500 Steven Adams,201566 Russell Westbrook,Adams  Cutting Dunk Shot (11 PTS) (Westbrook 10 AST),https://www.nba.com/stats/events?GameEventID=458&GameID=0041500314&Season=2015-16&flag=1,https://www.nba.com/stats/events?GameEventID=458&GameID=0041500314&Season=2015-16&flag=1&title=Adams%20%20Cutting%20Dunk%20Shot%20%2811%20PTS%29%20%28Westbrook%2010%20AST%29
2016-17,Regular Season,2016-10-26,0021600011,227,2,04:11,OKC,PHI,203500 Steven Adams,201566 Russell Westbrook,[OKC 42-41] Adams Running Dunk Shot: Made (8 PTS) Assist: Westbrook (3 AST),https://www.nba.com/stats/events?GameEventID=227&GameID=0021600011&Season=2016-17&flag=1,https://www.nba.com/stats/events?GameEventID=227&GameID=0021600011&Season=2016-17&flag=1&title=%5BOKC%2042-41%5D%20Adams%20Running%20Dunk%20Shot%3A%20Made%20%288%20PTS%29%20Assist%3A%20Westbrook%20%283%20AST%29
2016-17,Regular Season,2016-10-26,0021600011,239,2,03:10,OKC,PHI,203500 Steven Adams,201566 Russell Westbrook,[OKC 46-42] Adams Dunk Shot: Made (12 PTS) Assist: Westbrook (5 AST),https://www.nba.com/stats/events?GameEventID=239&GameID=0021600011&Season=2016-17&flag=1,https://www.nba.com/stats/events?GameEventID=239&GameID=0021600011&Season=2016-17&flag=1&title=%5BOKC%2046-42%5D%20Adams%20Dunk%20Shot%3A%20Made%20%2812%20PTS%29%20Assist%3A%20Westbrook%20%285%20AST%29
2016-17,Regular Season,2016-10-30,0021600040,11,1,11:11,LAL,OKC,203500 Steven Adams,201566 Russell Westbrook,[OKC 4-3] Adams Cutting Dunk Shot: Made (4 PTS) Assist: Westbrook (1 AST),https://www.nba.com/stats/events?GameEventID=11&GameID=0021600040&Season=2016-17&flag=1,https://www.nba.com/stats/events?GameEventID=11&GameID=0021600040&Season=2016-17&flag=1&title=%5BOKC%204-3%5D%20Adams%20Cutting%20Dunk%20Shot%3A%20Made%20%284%20PTS%29%20Assist%3A%20Westbrook%20%281%20AST%29
2016-17,Regular Season,2016-10-30,0021600040,16,1,10:33,LAL,OKC,203500 Steven Adams,201566 Russell Westbrook,[OKC 6-5] Adams Cutting Dunk Shot: Made (6 PTS) Assist: Westbrook (2 AST),https://www.nba.com/stats/events?GameEventID=16&GameID=0021600040&Season=2016-17&flag=1,https://www.nba.com/stats/events?GameEventID=16&GameID=0021600040&Season=2016-17&flag=1&title=%5BOKC%206-5%5D%20Adams%20Cutting%20Dunk%20Shot%3A%20Made%20%286%20PTS%29%20Assist%3A%20Westbrook%20%282%20AST%29
2016-17,Regular Season,2016-10-30,0021600040,183,2,05:48,LAL,OKC,203500 Steven Adams,201566 Russell Westbrook,[OKC 45-33] Adams Cutting Dunk Shot: Made (8 PTS) Assist: Westbrook (7 AST),https://www.nba.com/stats/events?GameEventID=183&GameID=0021600040&Season=2016-17&flag=1,https://www.nba.com/stats/events?GameEventID=183&GameID=0021600040&Season=2016-17&flag=1&title=%5BOKC%2045-33%5D%20Adams%20Cutting%20Dunk%20Shot%3A%20Made%20%288%20PTS%29%20Assist%3A%20Westbrook%20%287%20AST%29
2016-17,Regular Season,2016-10-30,0021600040,236,2,01:24,LAL,OKC,203500 Steven Adams,201566 Russell Westbrook,[OKC 56-46] Adams Alley Oop Dunk Shot: Made (10 PTS) Assist: Westbrook (9 AST),https://www.nba.com/stats/events?GameEventID=236&GameID=0021600040&Season=2016-17&flag=1,https://www.nba.com/stats/events?GameEventID=236&GameID=0021600040&Season=2016-17&flag=1&title=%5BOKC%2056-46%5D%20Adams%20Alley%20Oop%20Dunk%20Shot%3A%20Made%20%2810%20PTS%29%20Assist%3A%20Westbrook%20%289%20AST%29
2016-17,Regular Season,2016-10-30,0021600040,505,4,03:19,LAL,OKC,203500 Steven Adams,201566 Russell Westbrook,[OKC 103-91] Adams Alley Oop Dunk Shot: Made (14 PTS) Assist: Westbrook (16 AST),https://www.nba.com/stats/events?GameEventID=505&GameID=0021600040&Season=2016-17&flag=1,https://www.nba.com/stats/events?GameEventID=505&GameID=0021600040&Season=2016-17&flag=1&title=%5BOKC%20103-91%5D%20Adams%20Alley%20Oop%20Dunk%20Shot%3A%20Made%20%2814%20PTS%29%20Assist%3A%20Westbrook%20%2816%20AST%29
2016-17,Regular Season,2016-11-13,0021600141,205,2,05:42,ORL,OKC,203500 Steven Adams,201566 Russell Westbrook,[OKC 23-40] Adams Dunk Shot: Made (6 PTS) Assist: Westbrook (4 AST),https://www.nba.com/stats/events?GameEventID=205&GameID=0021600141&Season=2016-17&flag=1,https://www.nba.com/stats/events?GameEventID=205&GameID=0021600141&Season=2016-17&flag=1&title=%5BOKC%2023-40%5D%20Adams%20Dunk%20Shot%3A%20Made%20%286%20PTS%29%20Assist%3A%20Westbrook%20%284%20AST%29
2016-17,Regular Season,2016-11-13,0021600141,367,3,04:11,ORL,OKC,203500 Steven Adams,201566 Russell Westbrook,[OKC 73-78] Adams Cutting Dunk Shot: Made (13 PTS) Assist: Westbrook (9 AST),https://www.nba.com/stats/events?GameEventID=367&GameID=0021600141&Season=2016-17&flag=1,https://www.nba.com/stats/events?GameEventID=367&GameID=0021600141&Season=2016-17&flag=1&title=%5BOKC%2073-78%5D%20Adams%20Cutting%20Dunk%20Shot%3A%20Made%20%2813%20PTS%29%20Assist%3A%20Westbrook%20%289%20AST%29
2016-17,Regular Season,2016-11-22,0021600211,8,1,11:12,OKC,LAL,203500 Steven Adams,201566 Russell Westbrook,[OKC 2-2] Adams Cutting Dunk Shot: Made (2 PTS) Assist: Westbrook (1 AST),https://www.nba.com/stats/events?GameEventID=8&GameID=0021600211&Season=2016-17&flag=1,https://www.nba.com/stats/events?GameEventID=8&GameID=0021600211&Season=2016-17&flag=1&title=%5BOKC%202-2%5D%20Adams%20Cutting%20Dunk%20Shot%3A%20Made%20%282%20PTS%29%20Assist%3A%20Westbrook%20%281%20AST%29
2016-17,Regular Season,2016-11-22,0021600211,513,4,00:43.2,OKC,LAL,203500 Steven Adams,201566 Russell Westbrook,[OKC 107-108] Adams Dunk Shot: Made (18 PTS) Assist: Westbrook (13 AST),https://www.nba.com/stats/events?GameEventID=513&GameID=0021600211&Season=2016-17&flag=1,https://www.nba.com/stats/events?GameEventID=513&GameID=0021600211&Season=2016-17&flag=1&title=%5BOKC%20107-108%5D%20Adams%20Dunk%20Shot%3A%20Made%20%2818%20PTS%29%20Assist%3A%20Westbrook%20%2813%20AST%29
2016-17,Regular Season,2016-11-23,0021600224,21,1,09:17,OKC,SAC,203500 Steven Adams,201566 Russell Westbrook,[OKC 6-8] Adams Dunk Shot: Made (2 PTS) Assist: Westbrook (1 AST),https://www.nba.com/stats/events?GameEventID=21&GameID=0021600224&Season=2016-17&flag=1,https://www.nba.com/stats/events?GameEventID=21&GameID=0021600224&Season=2016-17&flag=1&title=%5BOKC%206-8%5D%20Adams%20Dunk%20Shot%3A%20Made%20%282%20PTS%29%20Assist%3A%20Westbrook%20%281%20AST%29
2016-17,Regular Season,2016-11-23,0021600224,27,1,08:53,OKC,SAC,203500 Steven Adams,201566 Russell Westbrook,[OKC 8-10] Adams Cutting Dunk Shot: Made (4 PTS) Assist: Westbrook (2 AST),https://www.nba.com/stats/events?GameEventID=27&GameID=0021600224&Season=2016-17&flag=1,https://www.nba.com/stats/events?GameEventID=27&GameID=0021600224&Season=2016-17&flag=1&title=%5BOKC%208-10%5D%20Adams%20Cutting%20Dunk%20Shot%3A%20Made%20%284%20PTS%29%20Assist%3A%20Westbrook%20%282%20AST%29
2016-17,Regular Season,2016-11-26,0021600242,210,2,05:58,DET,OKC,203500 Steven Adams,201566 Russell Westbrook,[OKC 45-32] Adams Cutting Dunk Shot: Made (8 PTS) Assist: Westbrook (5 AST),https://www.nba.com/stats/events?GameEventID=210&GameID=0021600242&Season=2016-17&flag=1,https://www.nba.com/stats/events?GameEventID=210&GameID=0021600242&Season=2016-17&flag=1&title=%5BOKC%2045-32%5D%20Adams%20Cutting%20Dunk%20Shot%3A%20Made%20%288%20PTS%29%20Assist%3A%20Westbrook%20%285%20AST%29
2016-17,Regular Season,2016-12-04,0021600301,25,1,08:21,NOP,OKC,203500 Steven Adams,201566 Russell Westbrook,[OKC 11-10] Adams Dunk Shot: Made (5 PTS) Assist: Westbrook (2 AST),https://www.nba.com/stats/events?GameEventID=25&GameID=0021600301&Season=2016-17&flag=1,https://www.nba.com/stats/events?GameEventID=25&GameID=0021600301&Season=2016-17&flag=1&title=%5BOKC%2011-10%5D%20Adams%20Dunk%20Shot%3A%20Made%20%285%20PTS%29%20Assist%3A%20Westbrook%20%282%20AST%29
2016-17,Regular Season,2016-12-05,0021600307,220,2,05:26,OKC,ATL,203500 Steven Adams,201566 Russell Westbrook,[OKC 40-39] Adams Cutting Dunk Shot: Made (6 PTS) Assist: Westbrook (4 AST),https://www.nba.com/stats/events?GameEventID=220&GameID=0021600307&Season=2016-17&flag=1,https://www.nba.com/stats/events?GameEventID=220&GameID=0021600307&Season=2016-17&flag=1&title=%5BOKC%2040-39%5D%20Adams%20Cutting%20Dunk%20Shot%3A%20Made%20%286%20PTS%29%20Assist%3A%20Westbrook%20%284%20AST%29
2016-17,Regular Season,2016-12-05,0021600307,250,2,03:39,OKC,ATL,203500 Steven Adams,201566 Russell Westbrook,[OKC 49-41] Adams Dunk Shot: Made (11 PTS) Assist: Westbrook (6 AST),https://www.nba.com/stats/events?GameEventID=250&GameID=0021600307&Season=2016-17&flag=1,https://www.nba.com/stats/events?GameEventID=250&GameID=0021600307&Season=2016-17&flag=1&title=%5BOKC%2049-41%5D%20Adams%20Dunk%20Shot%3A%20Made%20%2811%20PTS%29%20Assist%3A%20Westbrook%20%286%20AST%29
2016-17,Regular Season,2016-12-09,0021600341,203,2,07:57,HOU,OKC,203500 Steven Adams,201566 Russell Westbrook,[OKC 32-34] Adams Cutting Dunk Shot: Made (12 PTS) Assist: Westbrook (3 AST),https://www.nba.com/stats/events?GameEventID=203&GameID=0021600341&Season=2016-17&flag=1,https://www.nba.com/stats/events?GameEventID=203&GameID=0021600341&Season=2016-17&flag=1&title=%5BOKC%2032-34%5D%20Adams%20Cutting%20Dunk%20Shot%3A%20Made%20%2812%20PTS%29%20Assist%3A%20Westbrook%20%283%20AST%29
2016-17,Regular Season,2016-12-09,0021600341,281,2,01:52,HOU,OKC,203500 Steven Adams,201566 Russell Westbrook,[OKC 44-49] Adams Alley Oop Dunk Shot: Made (15 PTS) Assist: Westbrook (5 AST),https://www.nba.com/stats/events?GameEventID=281&GameID=0021600341&Season=2016-17&flag=1,https://www.nba.com/stats/events?GameEventID=281&GameID=0021600341&Season=2016-17&flag=1&title=%5BOKC%2044-49%5D%20Adams%20Alley%20Oop%20Dunk%20Shot%3A%20Made%20%2815%20PTS%29%20Assist%3A%20Westbrook%20%285%20AST%29
2016-17,Regular Season,2016-12-09,0021600341,287,2,00:39.2,HOU,OKC,203500 Steven Adams,201566 Russell Westbrook,[OKC 49-55] Adams Alley Oop Dunk Shot: Made (17 PTS) Assist: Westbrook (7 AST),https://www.nba.com/stats/events?GameEventID=287&GameID=0021600341&Season=2016-17&flag=1,https://www.nba.com/stats/events?GameEventID=287&GameID=0021600341&Season=2016-17&flag=1&title=%5BOKC%2049-55%5D%20Adams%20Alley%20Oop%20Dunk%20Shot%3A%20Made%20%2817%20PTS%29%20Assist%3A%20Westbrook%20%287%20AST%29
2016-17,Regular Season,2016-12-11,0021600357,236,3,11:21,BOS,OKC,203500 Steven Adams,201566 Russell Westbrook,[OKC 41-43] Adams Cutting Dunk Shot: Made (4 PTS) Assist: Westbrook (3 AST),https://www.nba.com/stats/events?GameEventID=236&GameID=0021600357&Season=2016-17&flag=1,https://www.nba.com/stats/events?GameEventID=236&GameID=0021600357&Season=2016-17&flag=1&title=%5BOKC%2041-43%5D%20Adams%20Cutting%20Dunk%20Shot%3A%20Made%20%284%20PTS%29%20Assist%3A%20Westbrook%20%283%20AST%29
2016-17,Regular Season,2016-12-13,0021600373,48,1,06:54,OKC,POR,203500 Steven Adams,201566 Russell Westbrook,[OKC 13-6] Adams Alley Oop Dunk Shot: Made (5 PTS) Assist: Westbrook (2 AST),https://www.nba.com/stats/events?GameEventID=48&GameID=0021600373&Season=2016-17&flag=1,https://www.nba.com/stats/events?GameEventID=48&GameID=0021600373&Season=2016-17&flag=1&title=%5BOKC%2013-6%5D%20Adams%20Alley%20Oop%20Dunk%20Shot%3A%20Made%20%285%20PTS%29%20Assist%3A%20Westbrook%20%282%20AST%29
2016-17,Regular Season,2016-12-17,0021600399,241,2,03:07,PHX,OKC,203500 Steven Adams,201566 Russell Westbrook,[OKC 48-30] Adams Alley Oop Dunk Shot: Made (8 PTS) Assist: Westbrook (10 AST),https://www.nba.com/stats/events?GameEventID=241&GameID=0021600399&Season=2016-17&flag=1,https://www.nba.com/stats/events?GameEventID=241&GameID=0021600399&Season=2016-17&flag=1&title=%5BOKC%2048-30%5D%20Adams%20Alley%20Oop%20Dunk%20Shot%3A%20Made%20%288%20PTS%29%20Assist%3A%20Westbrook%20%2810%20AST%29
2016-17,Regular Season,2016-12-17,0021600399,260,2,01:54,PHX,OKC,203500 Steven Adams,201566 Russell Westbrook,[OKC 50-33] Adams Dunk Shot: Made (10 PTS) Assist: Westbrook (11 AST),https://www.nba.com/stats/events?GameEventID=260&GameID=0021600399&Season=2016-17&flag=1,https://www.nba.com/stats/events?GameEventID=260&GameID=0021600399&Season=2016-17&flag=1&title=%5BOKC%2050-33%5D%20Adams%20Dunk%20Shot%3A%20Made%20%2810%20PTS%29%20Assist%3A%20Westbrook%20%2811%20AST%29
2016-17,Regular Season,2016-12-17,0021600399,550,4,02:33,PHX,OKC,203500 Steven Adams,201566 Russell Westbrook,[OKC 112-95] Adams Cutting Dunk Shot: Made (19 PTS) Assist: Westbrook (22 AST),https://www.nba.com/stats/events?GameEventID=550&GameID=0021600399&Season=2016-17&flag=1,https://www.nba.com/stats/events?GameEventID=550&GameID=0021600399&Season=2016-17&flag=1&title=%5BOKC%20112-95%5D%20Adams%20Cutting%20Dunk%20Shot%3A%20Made%20%2819%20PTS%29%20Assist%3A%20Westbrook%20%2822%20AST%29
2016-17,Regular Season,2016-12-21,0021600433,327,3,07:46,OKC,NOP,203500 Steven Adams,201566 Russell Westbrook,[OKC 75-70] Adams Cutting Dunk Shot: Made (10 PTS) Assist: Westbrook (4 AST),https://www.nba.com/stats/events?GameEventID=327&GameID=0021600433&Season=2016-17&flag=1,https://www.nba.com/stats/events?GameEventID=327&GameID=0021600433&Season=2016-17&flag=1&title=%5BOKC%2075-70%5D%20Adams%20Cutting%20Dunk%20Shot%3A%20Made%20%2810%20PTS%29%20Assist%3A%20Westbrook%20%284%20AST%29
2016-17,Regular Season,2016-12-21,0021600433,527,4,00:41.6,OKC,NOP,203500 Steven Adams,201566 Russell Westbrook,[OKC 121-110] Adams Cutting Dunk Shot: Made (12 PTS) Assist: Westbrook (7 AST),https://www.nba.com/stats/events?GameEventID=527&GameID=0021600433&Season=2016-17&flag=1,https://www.nba.com/stats/events?GameEventID=527&GameID=0021600433&Season=2016-17&flag=1&title=%5BOKC%20121-110%5D%20Adams%20Cutting%20Dunk%20Shot%3A%20Made%20%2812%20PTS%29%20Assist%3A%20Westbrook%20%287%20AST%29
2016-17,Regular Season,2016-12-23,0021600445,50,1,06:37,OKC,BOS,203500 Steven Adams,201566 Russell Westbrook,[OKC 8-17] Adams Cutting Dunk Shot: Made (2 PTS) Assist: Westbrook (3 AST),https://www.nba.com/stats/events?GameEventID=50&GameID=0021600445&Season=2016-17&flag=1,https://www.nba.com/stats/events?GameEventID=50&GameID=0021600445&Season=2016-17&flag=1&title=%5BOKC%208-17%5D%20Adams%20Cutting%20Dunk%20Shot%3A%20Made%20%282%20PTS%29%20Assist%3A%20Westbrook%20%283%20AST%29
2016-17,Regular Season,2016-12-23,0021600445,263,2,01:39,OKC,BOS,203500 Steven Adams,201566 Russell Westbrook,[OKC 51-51] Adams Cutting Dunk Shot: Made (6 PTS) Assist: Westbrook (9 AST),https://www.nba.com/stats/events?GameEventID=263&GameID=0021600445&Season=2016-17&flag=1,https://www.nba.com/stats/events?GameEventID=263&GameID=0021600445&Season=2016-17&flag=1&title=%5BOKC%2051-51%5D%20Adams%20Cutting%20Dunk%20Shot%3A%20Made%20%286%20PTS%29%20Assist%3A%20Westbrook%20%289%20AST%29
2016-17,Regular Season,2016-12-25,0021600459,17,1,09:43,MIN,OKC,203500 Steven Adams,201566 Russell Westbrook,[OKC 4-2] Adams Cutting Dunk Shot: Made (4 PTS) Assist: Westbrook (1 AST),https://www.nba.com/stats/events?GameEventID=17&GameID=0021600459&Season=2016-17&flag=1,https://www.nba.com/stats/events?GameEventID=17&GameID=0021600459&Season=2016-17&flag=1&title=%5BOKC%204-2%5D%20Adams%20Cutting%20Dunk%20Shot%3A%20Made%20%284%20PTS%29%20Assist%3A%20Westbrook%20%281%20AST%29
2016-17,Regular Season,2016-12-25,0021600459,284,3,09:18,MIN,OKC,203500 Steven Adams,201566 Russell Westbrook,[OKC 66-58] Adams Cutting Dunk Shot: Made (14 PTS) Assist: Westbrook (6 AST),https://www.nba.com/stats/events?GameEventID=284&GameID=0021600459&Season=2016-17&flag=1,https://www.nba.com/stats/events?GameEventID=284&GameID=0021600459&Season=2016-17&flag=1&title=%5BOKC%2066-58%5D%20Adams%20Cutting%20Dunk%20Shot%3A%20Made%20%2814%20PTS%29%20Assist%3A%20Westbrook%20%286%20AST%29
2016-17,Regular Season,2016-12-25,0021600459,345,3,04:14,MIN,OKC,203500 Steven Adams,201566 Russell Westbrook,[OKC 80-68] Adams Cutting Dunk Shot: Made (20 PTS) Assist: Westbrook (10 AST),https://www.nba.com/stats/events?GameEventID=345&GameID=0021600459&Season=2016-17&flag=1,https://www.nba.com/stats/events?GameEventID=345&GameID=0021600459&Season=2016-17&flag=1&title=%5BOKC%2080-68%5D%20Adams%20Cutting%20Dunk%20Shot%3A%20Made%20%2820%20PTS%29%20Assist%3A%20Westbrook%20%2810%20AST%29
2016-17,Regular Season,2016-12-25,0021600459,468,4,05:16,MIN,OKC,203500 Steven Adams,201566 Russell Westbrook,[OKC 104-88] Adams Alley Oop Dunk Shot: Made (22 PTS) Assist: Westbrook (12 AST),https://www.nba.com/stats/events?GameEventID=468&GameID=0021600459&Season=2016-17&flag=1,https://www.nba.com/stats/events?GameEventID=468&GameID=0021600459&Season=2016-17&flag=1&title=%5BOKC%20104-88%5D%20Adams%20Alley%20Oop%20Dunk%20Shot%3A%20Made%20%2822%20PTS%29%20Assist%3A%20Westbrook%20%2812%20AST%29
2016-17,Regular Season,2016-12-27,0021600473,46,1,05:48,OKC,MIA,203500 Steven Adams,201566 Russell Westbrook,[OKC 12-10] Adams Cutting Dunk Shot: Made (4 PTS) Assist: Westbrook (2 AST),https://www.nba.com/stats/events?GameEventID=46&GameID=0021600473&Season=2016-17&flag=1,https://www.nba.com/stats/events?GameEventID=46&GameID=0021600473&Season=2016-17&flag=1&title=%5BOKC%2012-10%5D%20Adams%20Cutting%20Dunk%20Shot%3A%20Made%20%284%20PTS%29%20Assist%3A%20Westbrook%20%282%20AST%29
2016-17,Regular Season,2016-12-27,0021600473,72,1,04:09,OKC,MIA,203500 Steven Adams,201566 Russell Westbrook,[OKC 18-14] Adams Alley Oop Dunk Shot: Made (6 PTS) Assist: Westbrook (3 AST),https://www.nba.com/stats/events?GameEventID=72&GameID=0021600473&Season=2016-17&flag=1,https://www.nba.com/stats/events?GameEventID=72&GameID=0021600473&Season=2016-17&flag=1&title=%5BOKC%2018-14%5D%20Adams%20Alley%20Oop%20Dunk%20Shot%3A%20Made%20%286%20PTS%29%20Assist%3A%20Westbrook%20%283%20AST%29
2016-17,Regular Season,2016-12-27,0021600473,195,2,06:15,OKC,MIA,203500 Steven Adams,201566 Russell Westbrook,[OKC 47-29] Adams Alley Oop Dunk Shot: Made (12 PTS) Assist: Westbrook (8 AST),https://www.nba.com/stats/events?GameEventID=195&GameID=0021600473&Season=2016-17&flag=1,https://www.nba.com/stats/events?GameEventID=195&GameID=0021600473&Season=2016-17&flag=1&title=%5BOKC%2047-29%5D%20Adams%20Alley%20Oop%20Dunk%20Shot%3A%20Made%20%2812%20PTS%29%20Assist%3A%20Westbrook%20%288%20AST%29
2016-17,Regular Season,2016-12-31,0021600507,183,2,06:19,LAC,OKC,203500 Steven Adams,201566 Russell Westbrook,[OKC 48-28] Adams Dunk Shot: Made (4 PTS) Assist: Westbrook (9 AST),https://www.nba.com/stats/events?GameEventID=183&GameID=0021600507&Season=2016-17&flag=1,https://www.nba.com/stats/events?GameEventID=183&GameID=0021600507&Season=2016-17&flag=1&title=%5BOKC%2048-28%5D%20Adams%20Dunk%20Shot%3A%20Made%20%284%20PTS%29%20Assist%3A%20Westbrook%20%289%20AST%29
2016-17,Regular Season,2017-01-02,0021600513,151,2,07:18,OKC,MIL,203500 Steven Adams,201566 Russell Westbrook,[OKC 38-34] Adams Cutting Dunk Shot: Made (14 PTS) Assist: Westbrook (3 AST),https://www.nba.com/stats/events?GameEventID=151&GameID=0021600513&Season=2016-17&flag=1,https://www.nba.com/stats/events?GameEventID=151&GameID=0021600513&Season=2016-17&flag=1&title=%5BOKC%2038-34%5D%20Adams%20Cutting%20Dunk%20Shot%3A%20Made%20%2814%20PTS%29%20Assist%3A%20Westbrook%20%283%20AST%29
2016-17,Regular Season,2017-01-04,0021600529,308,3,10:57,OKC,CHA,203500 Steven Adams,201566 Russell Westbrook,[OKC 60-65] Adams Dunk Shot: Made (12 PTS) Assist: Westbrook (5 AST),https://www.nba.com/stats/events?GameEventID=308&GameID=0021600529&Season=2016-17&flag=1,https://www.nba.com/stats/events?GameEventID=308&GameID=0021600529&Season=2016-17&flag=1&title=%5BOKC%2060-65%5D%20Adams%20Dunk%20Shot%3A%20Made%20%2812%20PTS%29%20Assist%3A%20Westbrook%20%285%20AST%29
2016-17,Regular Season,2017-01-05,0021600540,91,1,04:09,OKC,HOU,203500 Steven Adams,201566 Russell Westbrook,[OKC 25-13] Adams Dunk Shot: Made (6 PTS) Assist: Westbrook (2 AST),https://www.nba.com/stats/events?GameEventID=91&GameID=0021600540&Season=2016-17&flag=1,https://www.nba.com/stats/events?GameEventID=91&GameID=0021600540&Season=2016-17&flag=1&title=%5BOKC%2025-13%5D%20Adams%20Dunk%20Shot%3A%20Made%20%286%20PTS%29%20Assist%3A%20Westbrook%20%282%20AST%29
2016-17,Regular Season,2017-01-07,0021600555,347,3,04:15,DEN,OKC,203500 Steven Adams,201566 Russell Westbrook,[OKC 78-73] Adams Dunk Shot: Made (6 PTS) Assist: Westbrook (7 AST),https://www.nba.com/stats/events?GameEventID=347&GameID=0021600555&Season=2016-17&flag=1,https://www.nba.com/stats/events?GameEventID=347&GameID=0021600555&Season=2016-17&flag=1&title=%5BOKC%2078-73%5D%20Adams%20Dunk%20Shot%3A%20Made%20%286%20PTS%29%20Assist%3A%20Westbrook%20%287%20AST%29
2016-17,Regular Season,2017-01-09,0021600569,310,3,05:57,OKC,CHI,203500 Steven Adams,201566 Russell Westbrook,[OKC 73-59] Adams Alley Oop Dunk Shot: Made (18 PTS) Assist: Westbrook (9 AST),https://www.nba.com/stats/events?GameEventID=310&GameID=0021600569&Season=2016-17&flag=1,https://www.nba.com/stats/events?GameEventID=310&GameID=0021600569&Season=2016-17&flag=1&title=%5BOKC%2073-59%5D%20Adams%20Alley%20Oop%20Dunk%20Shot%3A%20Made%20%2818%20PTS%29%20Assist%3A%20Westbrook%20%289%20AST%29
2016-17,Regular Season,2017-01-23,0021600673,519,4,01:04,OKC,UTA,203500 Steven Adams,201566 Russell Westbrook,[OKC 93-90] Adams Running Dunk Shot: Made (9 PTS) Assist: Westbrook (10 AST),https://www.nba.com/stats/events?GameEventID=519&GameID=0021600673&Season=2016-17&flag=1,https://www.nba.com/stats/events?GameEventID=519&GameID=0021600673&Season=2016-17&flag=1&title=%5BOKC%2093-90%5D%20Adams%20Running%20Dunk%20Shot%3A%20Made%20%289%20PTS%29%20Assist%3A%20Westbrook%20%2810%20AST%29
2016-17,Regular Season,2017-01-25,0021600686,72,1,05:25,OKC,NOP,203500 Steven Adams,201566 Russell Westbrook,[OKC 15-8] Adams Cutting Dunk Shot: Made (4 PTS) Assist: Westbrook (1 AST),https://www.nba.com/stats/events?GameEventID=72&GameID=0021600686&Season=2016-17&flag=1,https://www.nba.com/stats/events?GameEventID=72&GameID=0021600686&Season=2016-17&flag=1&title=%5BOKC%2015-8%5D%20Adams%20Cutting%20Dunk%20Shot%3A%20Made%20%284%20PTS%29%20Assist%3A%20Westbrook%20%281%20AST%29
2016-17,Regular Season,2017-01-25,0021600686,364,3,08:37,OKC,NOP,203500 Steven Adams,201566 Russell Westbrook,[OKC 73-53] Adams Dunk Shot: Made (9 PTS) Assist: Westbrook (6 AST),https://www.nba.com/stats/events?GameEventID=364&GameID=0021600686&Season=2016-17&flag=1,https://www.nba.com/stats/events?GameEventID=364&GameID=0021600686&Season=2016-17&flag=1&title=%5BOKC%2073-53%5D%20Adams%20Dunk%20Shot%3A%20Made%20%289%20PTS%29%20Assist%3A%20Westbrook%20%286%20AST%29
2016-17,Regular Season,2017-01-25,0021600686,421,3,03:36,OKC,NOP,203500 Steven Adams,201566 Russell Westbrook,[OKC 87-67] Adams Dunk Shot: Made (16 PTS) Assist: Westbrook (8 AST),https://www.nba.com/stats/events?GameEventID=421&GameID=0021600686&Season=2016-17&flag=1,https://www.nba.com/stats/events?GameEventID=421&GameID=0021600686&Season=2016-17&flag=1&title=%5BOKC%2087-67%5D%20Adams%20Dunk%20Shot%3A%20Made%20%2816%20PTS%29%20Assist%3A%20Westbrook%20%288%20AST%29
2016-17,Regular Season,2017-01-25,0021600686,423,3,03:06,OKC,NOP,203500 Steven Adams,201566 Russell Westbrook,[OKC 89-70] Adams Dunk Shot: Made (18 PTS) Assist: Westbrook (9 AST),https://www.nba.com/stats/events?GameEventID=423&GameID=0021600686&Season=2016-17&flag=1,https://www.nba.com/stats/events?GameEventID=423&GameID=0021600686&Season=2016-17&flag=1&title=%5BOKC%2089-70%5D%20Adams%20Dunk%20Shot%3A%20Made%20%2818%20PTS%29%20Assist%3A%20Westbrook%20%289%20AST%29
2016-17,Regular Season,2017-01-26,0021600690,488,4,04:40,DAL,OKC,203500 Steven Adams,201566 Russell Westbrook,[OKC 96-88] Adams Cutting Dunk Shot: Made (15 PTS) Assist: Westbrook (3 AST),https://www.nba.com/stats/events?GameEventID=488&GameID=0021600690&Season=2016-17&flag=1,https://www.nba.com/stats/events?GameEventID=488&GameID=0021600690&Season=2016-17&flag=1&title=%5BOKC%2096-88%5D%20Adams%20Cutting%20Dunk%20Shot%3A%20Made%20%2815%20PTS%29%20Assist%3A%20Westbrook%20%283%20AST%29
2016-17,Regular Season,2017-01-31,0021600727,228,2,07:30,OKC,SAS,203500 Steven Adams,201566 Russell Westbrook,[OKC 21-36] Adams Dunk Shot: Made (2 PTS) Assist: Westbrook (1 AST),https://www.nba.com/stats/events?GameEventID=228&GameID=0021600727&Season=2016-17&flag=1,https://www.nba.com/stats/events?GameEventID=228&GameID=0021600727&Season=2016-17&flag=1&title=%5BOKC%2021-36%5D%20Adams%20Dunk%20Shot%3A%20Made%20%282%20PTS%29%20Assist%3A%20Westbrook%20%281%20AST%29
2016-17,Regular Season,2017-01-31,0021600727,271,2,05:28,OKC,SAS,203500 Steven Adams,201566 Russell Westbrook,[OKC 25-41] Adams Cutting Dunk Shot: Made (4 PTS) Assist: Westbrook (2 AST),https://www.nba.com/stats/events?GameEventID=271&GameID=0021600727&Season=2016-17&flag=1,https://www.nba.com/stats/events?GameEventID=271&GameID=0021600727&Season=2016-17&flag=1&title=%5BOKC%2025-41%5D%20Adams%20Cutting%20Dunk%20Shot%3A%20Made%20%284%20PTS%29%20Assist%3A%20Westbrook%20%282%20AST%29
2016-17,Regular Season,2017-01-31,0021600727,441,3,04:46,OKC,SAS,203500 Steven Adams,201566 Russell Westbrook,[OKC 64-68] Adams Alley Oop Dunk Shot: Made (12 PTS) Assist: Westbrook (8 AST),https://www.nba.com/stats/events?GameEventID=441&GameID=0021600727&Season=2016-17&flag=1,https://www.nba.com/stats/events?GameEventID=441&GameID=0021600727&Season=2016-17&flag=1&title=%5BOKC%2064-68%5D%20Adams%20Alley%20Oop%20Dunk%20Shot%3A%20Made%20%2812%20PTS%29%20Assist%3A%20Westbrook%20%288%20AST%29
2016-17,Regular Season,2017-02-01,0021600740,75,1,02:58,CHI,OKC,203500 Steven Adams,201566 Russell Westbrook,[OKC 13-18] Adams Running Dunk Shot: Made (6 PTS) Assist: Westbrook (3 AST),https://www.nba.com/stats/events?GameEventID=75&GameID=0021600740&Season=2016-17&flag=1,https://www.nba.com/stats/events?GameEventID=75&GameID=0021600740&Season=2016-17&flag=1&title=%5BOKC%2013-18%5D%20Adams%20Running%20Dunk%20Shot%3A%20Made%20%286%20PTS%29%20Assist%3A%20Westbrook%20%283%20AST%29
2016-17,Regular Season,2017-02-03,0021600750,200,2,05:58,MEM,OKC,203500 Steven Adams,201566 Russell Westbrook,[OKC 37-33] Adams Alley Oop Dunk Shot: Made (6 PTS) Assist: Westbrook (5 AST),https://www.nba.com/stats/events?GameEventID=200&GameID=0021600750&Season=2016-17&flag=1,https://www.nba.com/stats/events?GameEventID=200&GameID=0021600750&Season=2016-17&flag=1&title=%5BOKC%2037-33%5D%20Adams%20Alley%20Oop%20Dunk%20Shot%3A%20Made%20%286%20PTS%29%20Assist%3A%20Westbrook%20%285%20AST%29
2016-17,Regular Season,2017-02-06,0021600770,231,2,03:49,OKC,IND,203500 Steven Adams,201566 Russell Westbrook,[OKC 43-30] Adams Dunk Shot: Made (10 PTS) Assist: Westbrook (6 AST),https://www.nba.com/stats/events?GameEventID=231&GameID=0021600770&Season=2016-17&flag=1,https://www.nba.com/stats/events?GameEventID=231&GameID=0021600770&Season=2016-17&flag=1&title=%5BOKC%2043-30%5D%20Adams%20Dunk%20Shot%3A%20Made%20%2810%20PTS%29%20Assist%3A%20Westbrook%20%286%20AST%29
2016-17,Regular Season,2017-02-06,0021600770,265,2,01:41,OKC,IND,203500 Steven Adams,201566 Russell Westbrook,[OKC 48-35] Adams Dunk Shot: Made (12 PTS) Assist: Westbrook (7 AST),https://www.nba.com/stats/events?GameEventID=265&GameID=0021600770&Season=2016-17&flag=1,https://www.nba.com/stats/events?GameEventID=265&GameID=0021600770&Season=2016-17&flag=1&title=%5BOKC%2048-35%5D%20Adams%20Dunk%20Shot%3A%20Made%20%2812%20PTS%29%20Assist%3A%20Westbrook%20%287%20AST%29
2016-17,Regular Season,2017-02-09,0021600796,94,1,03:05,CLE,OKC,203500 Steven Adams,201566 Russell Westbrook,[OKC 21-21] Adams Cutting Dunk Shot: Made (4 PTS) Assist: Westbrook (5 AST),https://www.nba.com/stats/events?GameEventID=94&GameID=0021600796&Season=2016-17&flag=1,https://www.nba.com/stats/events?GameEventID=94&GameID=0021600796&Season=2016-17&flag=1&title=%5BOKC%2021-21%5D%20Adams%20Cutting%20Dunk%20Shot%3A%20Made%20%284%20PTS%29%20Assist%3A%20Westbrook%20%285%20AST%29
2016-17,Regular Season,2017-02-11,0021600813,60,1,06:13,GSW,OKC,203500 Steven Adams,201566 Russell Westbrook,[OKC 17-10] Adams Cutting Dunk Shot: Made (6 PTS) Assist: Westbrook (3 AST),https://www.nba.com/stats/events?GameEventID=60&GameID=0021600813&Season=2016-17&flag=1,https://www.nba.com/stats/events?GameEventID=60&GameID=0021600813&Season=2016-17&flag=1&title=%5BOKC%2017-10%5D%20Adams%20Cutting%20Dunk%20Shot%3A%20Made%20%286%20PTS%29%20Assist%3A%20Westbrook%20%283%20AST%29
2016-17,Regular Season,2017-02-24,0021600861,24,1,09:23,LAL,OKC,203500 Steven Adams,201566 Russell Westbrook,[OKC 7-5] Adams Cutting Dunk Shot: Made (4 PTS) Assist: Westbrook (3 AST),https://www.nba.com/stats/events?GameEventID=24&GameID=0021600861&Season=2016-17&flag=1,https://www.nba.com/stats/events?GameEventID=24&GameID=0021600861&Season=2016-17&flag=1&title=%5BOKC%207-5%5D%20Adams%20Cutting%20Dunk%20Shot%3A%20Made%20%284%20PTS%29%20Assist%3A%20Westbrook%20%283%20AST%29
2016-17,Regular Season,2017-02-26,0021600880,207,2,05:20,NOP,OKC,203500 Steven Adams,201566 Russell Westbrook,[OKC 47-48] Adams Cutting Dunk Shot: Made (10 PTS) Assist: Westbrook (6 AST),https://www.nba.com/stats/events?GameEventID=207&GameID=0021600880&Season=2016-17&flag=1,https://www.nba.com/stats/events?GameEventID=207&GameID=0021600880&Season=2016-17&flag=1&title=%5BOKC%2047-48%5D%20Adams%20Cutting%20Dunk%20Shot%3A%20Made%20%2810%20PTS%29%20Assist%3A%20Westbrook%20%286%20AST%29
2016-17,Regular Season,2017-02-26,0021600880,321,3,09:05,NOP,OKC,203500 Steven Adams,201566 Russell Westbrook,[OKC 70-68] Adams Cutting Dunk Shot: Made (13 PTS) Assist: Westbrook (10 AST),https://www.nba.com/stats/events?GameEventID=321&GameID=0021600880&Season=2016-17&flag=1,https://www.nba.com/stats/events?GameEventID=321&GameID=0021600880&Season=2016-17&flag=1&title=%5BOKC%2070-68%5D%20Adams%20Cutting%20Dunk%20Shot%3A%20Made%20%2813%20PTS%29%20Assist%3A%20Westbrook%20%2810%20AST%29
2016-17,Regular Season,2017-02-28,0021600893,201,2,01:39,UTA,OKC,203500 Steven Adams,201566 Russell Westbrook,[OKC 59-46] Adams Cutting Dunk Shot: Made (2 PTS) Assist: Westbrook (8 AST),https://www.nba.com/stats/events?GameEventID=201&GameID=0021600893&Season=2016-17&flag=1,https://www.nba.com/stats/events?GameEventID=201&GameID=0021600893&Season=2016-17&flag=1&title=%5BOKC%2059-46%5D%20Adams%20Cutting%20Dunk%20Shot%3A%20Made%20%282%20PTS%29%20Assist%3A%20Westbrook%20%288%20AST%29
2016-17,Regular Season,2017-03-03,0021600916,374,3,05:24,OKC,PHX,203500 Steven Adams,201566 Russell Westbrook,[OKC 65-77] Adams Alley Oop Dunk Shot: Made (7 PTS) Assist: Westbrook (7 AST),https://www.nba.com/stats/events?GameEventID=374&GameID=0021600916&Season=2016-17&flag=1,https://www.nba.com/stats/events?GameEventID=374&GameID=0021600916&Season=2016-17&flag=1&title=%5BOKC%2065-77%5D%20Adams%20Alley%20Oop%20Dunk%20Shot%3A%20Made%20%287%20PTS%29%20Assist%3A%20Westbrook%20%287%20AST%29
2016-17,Regular Season,2017-03-14,0021601000,6,1,10:57,OKC,BKN,203500 Steven Adams,201566 Russell Westbrook,[OKC 2-3] Adams Cutting Dunk Shot: Made (2 PTS) Assist: Westbrook (1 AST),https://www.nba.com/stats/events?GameEventID=6&GameID=0021601000&Season=2016-17&flag=1,https://www.nba.com/stats/events?GameEventID=6&GameID=0021601000&Season=2016-17&flag=1&title=%5BOKC%202-3%5D%20Adams%20Cutting%20Dunk%20Shot%3A%20Made%20%282%20PTS%29%20Assist%3A%20Westbrook%20%281%20AST%29
2016-17,Regular Season,2017-03-14,0021601000,42,1,07:10,OKC,BKN,203500 Steven Adams,201566 Russell Westbrook,[OKC 16-11] Adams Dunk Shot: Made (4 PTS) Assist: Westbrook (6 AST),https://www.nba.com/stats/events?GameEventID=42&GameID=0021601000&Season=2016-17&flag=1,https://www.nba.com/stats/events?GameEventID=42&GameID=0021601000&Season=2016-17&flag=1&title=%5BOKC%2016-11%5D%20Adams%20Dunk%20Shot%3A%20Made%20%284%20PTS%29%20Assist%3A%20Westbrook%20%286%20AST%29
2016-17,Regular Season,2017-03-16,0021601015,19,1,09:12,OKC,TOR,203500 Steven Adams,201566 Russell Westbrook,[OKC 6-2] Adams Running Dunk Shot: Made (4 PTS) Assist: Westbrook (1 AST),https://www.nba.com/stats/events?GameEventID=19&GameID=0021601015&Season=2016-17&flag=1,https://www.nba.com/stats/events?GameEventID=19&GameID=0021601015&Season=2016-17&flag=1&title=%5BOKC%206-2%5D%20Adams%20Running%20Dunk%20Shot%3A%20Made%20%284%20PTS%29%20Assist%3A%20Westbrook%20%281%20AST%29
2016-17,Regular Season,2017-03-16,0021601015,368,3,05:59,OKC,TOR,203500 Steven Adams,201566 Russell Westbrook,[OKC 75-60] Adams Cutting Dunk Shot: Made (10 PTS) Assist: Westbrook (13 AST),https://www.nba.com/stats/events?GameEventID=368&GameID=0021601015&Season=2016-17&flag=1,https://www.nba.com/stats/events?GameEventID=368&GameID=0021601015&Season=2016-17&flag=1&title=%5BOKC%2075-60%5D%20Adams%20Cutting%20Dunk%20Shot%3A%20Made%20%2810%20PTS%29%20Assist%3A%20Westbrook%20%2813%20AST%29
2016-17,Regular Season,2017-03-18,0021601028,59,1,05:59,SAC,OKC,203500 Steven Adams,201566 Russell Westbrook,[OKC 11-10] Adams Alley Oop Dunk Shot: Made (4 PTS) Assist: Westbrook (2 AST),https://www.nba.com/stats/events?GameEventID=59&GameID=0021601028&Season=2016-17&flag=1,https://www.nba.com/stats/events?GameEventID=59&GameID=0021601028&Season=2016-17&flag=1&title=%5BOKC%2011-10%5D%20Adams%20Alley%20Oop%20Dunk%20Shot%3A%20Made%20%284%20PTS%29%20Assist%3A%20Westbrook%20%282%20AST%29
2016-17,Regular Season,2017-03-18,0021601028,258,2,03:09,SAC,OKC,203500 Steven Adams,201566 Russell Westbrook,[OKC 53-35] Adams Cutting Dunk Shot: Made (11 PTS) Assist: Westbrook (5 AST),https://www.nba.com/stats/events?GameEventID=258&GameID=0021601028&Season=2016-17&flag=1,https://www.nba.com/stats/events?GameEventID=258&GameID=0021601028&Season=2016-17&flag=1&title=%5BOKC%2053-35%5D%20Adams%20Cutting%20Dunk%20Shot%3A%20Made%20%2811%20PTS%29%20Assist%3A%20Westbrook%20%285%20AST%29
2016-17,Regular Season,2017-03-20,0021601049,280,2,01:43,GSW,OKC,203500 Steven Adams,201566 Russell Westbrook,[OKC 37-52] Adams Running Dunk Shot: Made (8 PTS) Assist: Westbrook (5 AST),https://www.nba.com/stats/events?GameEventID=280&GameID=0021601049&Season=2016-17&flag=1,https://www.nba.com/stats/events?GameEventID=280&GameID=0021601049&Season=2016-17&flag=1&title=%5BOKC%2037-52%5D%20Adams%20Running%20Dunk%20Shot%3A%20Made%20%288%20PTS%29%20Assist%3A%20Westbrook%20%285%20AST%29
2016-17,Regular Season,2017-03-26,0021601091,91,1,02:29,OKC,HOU,203500 Steven Adams,201566 Russell Westbrook,[OKC 27-29] Adams Dunk Shot: Made (5 PTS) Assist: Westbrook (6 AST),https://www.nba.com/stats/events?GameEventID=91&GameID=0021601091&Season=2016-17&flag=1,https://www.nba.com/stats/events?GameEventID=91&GameID=0021601091&Season=2016-17&flag=1&title=%5BOKC%2027-29%5D%20Adams%20Dunk%20Shot%3A%20Made%20%285%20PTS%29%20Assist%3A%20Westbrook%20%286%20AST%29
2016-17,Regular Season,2017-03-27,0021601100,329,3,07:00,OKC,DAL,203500 Steven Adams,201566 Russell Westbrook,[OKC 53-55] Adams Driving Dunk Shot: Made (6 PTS) Assist: Westbrook (8 AST),https://www.nba.com/stats/events?GameEventID=329&GameID=0021601100&Season=2016-17&flag=1,https://www.nba.com/stats/events?GameEventID=329&GameID=0021601100&Season=2016-17&flag=1&title=%5BOKC%2053-55%5D%20Adams%20Driving%20Dunk%20Shot%3A%20Made%20%286%20PTS%29%20Assist%3A%20Westbrook%20%288%20AST%29
2016-17,Regular Season,2017-03-31,0021601135,544,4,00:39.1,SAS,OKC,203500 Steven Adams,201566 Russell Westbrook,[OKC 95-94] Adams Cutting Dunk Shot: Made (13 PTS) Assist: Westbrook (12 AST),https://www.nba.com/stats/events?GameEventID=544&GameID=0021601135&Season=2016-17&flag=1,https://www.nba.com/stats/events?GameEventID=544&GameID=0021601135&Season=2016-17&flag=1&title=%5BOKC%2095-94%5D%20Adams%20Cutting%20Dunk%20Shot%3A%20Made%20%2813%20PTS%29%20Assist%3A%20Westbrook%20%2812%20AST%29
2016-17,Regular Season,2017-04-04,0021601159,354,3,04:53,MIL,OKC,203500 Steven Adams,201566 Russell Westbrook,[OKC 78-48] Adams Alley Oop Dunk Shot: Made (9 PTS) Assist: Westbrook (12 AST),https://www.nba.com/stats/events?GameEventID=354&GameID=0021601159&Season=2016-17&flag=1,https://www.nba.com/stats/events?GameEventID=354&GameID=0021601159&Season=2016-17&flag=1&title=%5BOKC%2078-48%5D%20Adams%20Alley%20Oop%20Dunk%20Shot%3A%20Made%20%289%20PTS%29%20Assist%3A%20Westbrook%20%2812%20AST%29
2016-17,Regular Season,2017-04-09,0021601198,199,2,05:05,OKC,DEN,203500 Steven Adams,201566 Russell Westbrook,[OKC 39-44] Adams Dunk Shot: Made (6 PTS) Assist: Westbrook (4 AST),https://www.nba.com/stats/events?GameEventID=199&GameID=0021601198&Season=2016-17&flag=1,https://www.nba.com/stats/events?GameEventID=199&GameID=0021601198&Season=2016-17&flag=1&title=%5BOKC%2039-44%5D%20Adams%20Dunk%20Shot%3A%20Made%20%286%20PTS%29%20Assist%3A%20Westbrook%20%284%20AST%29
2016-17,Regular Season,2017-04-12,0021601225,71,1,05:25,DEN,OKC,203500 Steven Adams,201566 Russell Westbrook,[OKC 11-14] Adams Alley Oop Dunk Shot: Made (6 PTS) Assist: Westbrook (2 AST),https://www.nba.com/stats/events?GameEventID=71&GameID=0021601225&Season=2016-17&flag=1,https://www.nba.com/stats/events?GameEventID=71&GameID=0021601225&Season=2016-17&flag=1&title=%5BOKC%2011-14%5D%20Adams%20Alley%20Oop%20Dunk%20Shot%3A%20Made%20%286%20PTS%29%20Assist%3A%20Westbrook%20%282%20AST%29
2016-17,Regular Season,2017-04-12,0021601225,259,2,01:52,DEN,OKC,203500 Steven Adams,201566 Russell Westbrook,[OKC 62-47] Adams Alley Oop Dunk Shot: Made (8 PTS) Assist: Westbrook (8 AST),https://www.nba.com/stats/events?GameEventID=259&GameID=0021601225&Season=2016-17&flag=1,https://www.nba.com/stats/events?GameEventID=259&GameID=0021601225&Season=2016-17&flag=1&title=%5BOKC%2062-47%5D%20Adams%20Alley%20Oop%20Dunk%20Shot%3A%20Made%20%288%20PTS%29%20Assist%3A%20Westbrook%20%288%20AST%29
2016-17,Playoffs,2017-04-19,0041600162,15,1,09:49,OKC,HOU,203500 Steven Adams,201566 Russell Westbrook,[OKC 6-2] Adams Dunk Shot: Made (2 PTS) Assist: Westbrook (2 AST),https://www.nba.com/stats/events?GameEventID=15&GameID=0041600162&Season=2016-17&flag=1,https://www.nba.com/stats/events?GameEventID=15&GameID=0041600162&Season=2016-17&flag=1&title=%5BOKC%206-2%5D%20Adams%20Dunk%20Shot%3A%20Made%20%282%20PTS%29%20Assist%3A%20Westbrook%20%282%20AST%29
2016-17,Playoffs,2017-04-19,0041600162,212,2,07:45,OKC,HOU,203500 Steven Adams,201566 Russell Westbrook,[OKC 48-42] Adams Alley Oop Dunk Shot: Made (5 PTS) Assist: Westbrook (6 AST),https://www.nba.com/stats/events?GameEventID=212&GameID=0041600162&Season=2016-17&flag=1,https://www.nba.com/stats/events?GameEventID=212&GameID=0041600162&Season=2016-17&flag=1&title=%5BOKC%2048-42%5D%20Adams%20Alley%20Oop%20Dunk%20Shot%3A%20Made%20%285%20PTS%29%20Assist%3A%20Westbrook%20%286%20AST%29
2016-17,Playoffs,2017-04-23,0041600164,53,1,06:28,HOU,OKC,203500 Steven Adams,201566 Russell Westbrook,[OKC 15-9] Adams Driving Dunk Shot: Made (6 PTS) Assist: Westbrook (1 AST),https://www.nba.com/stats/events?GameEventID=53&GameID=0041600164&Season=2016-17&flag=1,https://www.nba.com/stats/events?GameEventID=53&GameID=0041600164&Season=2016-17&flag=1&title=%5BOKC%2015-9%5D%20Adams%20Driving%20Dunk%20Shot%3A%20Made%20%286%20PTS%29%20Assist%3A%20Westbrook%20%281%20AST%29
2016-17,Playoffs,2017-04-23,0041600164,311,3,08:19,HOU,OKC,203500 Steven Adams,201566 Russell Westbrook,[OKC 70-56] Adams Running Dunk Shot: Made (14 PTS) Assist: Westbrook (12 AST),https://www.nba.com/stats/events?GameEventID=311&GameID=0041600164&Season=2016-17&flag=1,https://www.nba.com/stats/events?GameEventID=311&GameID=0041600164&Season=2016-17&flag=1&title=%5BOKC%2070-56%5D%20Adams%20Running%20Dunk%20Shot%3A%20Made%20%2814%20PTS%29%20Assist%3A%20Westbrook%20%2812%20AST%29
2017-18,Regular Season,2017-10-19,0021700015,438,3,05:50,NYK,OKC,203500 Steven Adams,201566 Russell Westbrook,[OKC 67-52] Adams Alley Oop Dunk Shot: Made (8 PTS) Assist: Westbrook (10 AST),https://www.nba.com/stats/events?GameEventID=438&GameID=0021700015&Season=2017-18&flag=1,https://www.nba.com/stats/events?GameEventID=438&GameID=0021700015&Season=2017-18&flag=1&title=%5BOKC%2067-52%5D%20Adams%20Alley%20Oop%20Dunk%20Shot%3A%20Made%20%288%20PTS%29%20Assist%3A%20Westbrook%20%2810%20AST%29
2017-18,Regular Season,2017-10-21,0021700036,540,4,07:32,OKC,UTA,203500 Steven Adams,201566 Russell Westbrook,[OKC 71-81] Adams Cutting Dunk Shot: Made (8 PTS) Assist: Westbrook (9 AST),https://www.nba.com/stats/events?GameEventID=540&GameID=0021700036&Season=2017-18&flag=1,https://www.nba.com/stats/events?GameEventID=540&GameID=0021700036&Season=2017-18&flag=1&title=%5BOKC%2071-81%5D%20Adams%20Cutting%20Dunk%20Shot%3A%20Made%20%288%20PTS%29%20Assist%3A%20Westbrook%20%289%20AST%29
2017-18,Regular Season,2017-10-22,0021700039,251,2,03:58,MIN,OKC,203500 Steven Adams,201566 Russell Westbrook,[OKC 46-50] Adams Cutting Dunk Shot: Made (10 PTS) Assist: Westbrook (3 AST),https://www.nba.com/stats/events?GameEventID=251&GameID=0021700039&Season=2017-18&flag=1,https://www.nba.com/stats/events?GameEventID=251&GameID=0021700039&Season=2017-18&flag=1&title=%5BOKC%2046-50%5D%20Adams%20Cutting%20Dunk%20Shot%3A%20Made%20%2810%20PTS%29%20Assist%3A%20Westbrook%20%283%20AST%29
2017-18,Regular Season,2017-10-25,0021700060,46,1,08:30,IND,OKC,203500 Steven Adams,201566 Russell Westbrook,[OKC 7-5] Adams Running Dunk Shot: Made (2 PTS) Assist: Westbrook (2 AST),https://www.nba.com/stats/events?GameEventID=46&GameID=0021700060&Season=2017-18&flag=1,https://www.nba.com/stats/events?GameEventID=46&GameID=0021700060&Season=2017-18&flag=1&title=%5BOKC%207-5%5D%20Adams%20Running%20Dunk%20Shot%3A%20Made%20%282%20PTS%29%20Assist%3A%20Westbrook%20%282%20AST%29
2017-18,Regular Season,2017-10-25,0021700060,108,1,04:25,IND,OKC,203500 Steven Adams,201566 Russell Westbrook,[OKC 18-17] Adams Cutting Dunk Shot: Made (7 PTS) Assist: Westbrook (6 AST),https://www.nba.com/stats/events?GameEventID=108&GameID=0021700060&Season=2017-18&flag=1,https://www.nba.com/stats/events?GameEventID=108&GameID=0021700060&Season=2017-18&flag=1&title=%5BOKC%2018-17%5D%20Adams%20Cutting%20Dunk%20Shot%3A%20Made%20%287%20PTS%29%20Assist%3A%20Westbrook%20%286%20AST%29
2017-18,Regular Season,2017-10-25,0021700060,285,2,05:08,IND,OKC,203500 Steven Adams,201566 Russell Westbrook,[OKC 45-41] Adams Cutting Dunk Shot: Made (11 PTS) Assist: Westbrook (8 AST),https://www.nba.com/stats/events?GameEventID=285&GameID=0021700060&Season=2017-18&flag=1,https://www.nba.com/stats/events?GameEventID=285&GameID=0021700060&Season=2017-18&flag=1&title=%5BOKC%2045-41%5D%20Adams%20Cutting%20Dunk%20Shot%3A%20Made%20%2811%20PTS%29%20Assist%3A%20Westbrook%20%288%20AST%29
2017-18,Regular Season,2017-10-27,0021700074,285,2,03:18,OKC,MIN,203500 Steven Adams,201566 Russell Westbrook,[OKC 51-44] Adams Dunk Shot: Made (8 PTS) Assist: Westbrook (6 AST),https://www.nba.com/stats/events?GameEventID=285&GameID=0021700074&Season=2017-18&flag=1,https://www.nba.com/stats/events?GameEventID=285&GameID=0021700074&Season=2017-18&flag=1&title=%5BOKC%2051-44%5D%20Adams%20Dunk%20Shot%3A%20Made%20%288%20PTS%29%20Assist%3A%20Westbrook%20%286%20AST%29
2017-18,Regular Season,2017-10-27,0021700074,411,3,05:44,OKC,MIN,203500 Steven Adams,201566 Russell Westbrook,[OKC 75-75] Adams Alley Oop Dunk Shot: Made (20 PTS) Assist: Westbrook (7 AST),https://www.nba.com/stats/events?GameEventID=411&GameID=0021700074&Season=2017-18&flag=1,https://www.nba.com/stats/events?GameEventID=411&GameID=0021700074&Season=2017-18&flag=1&title=%5BOKC%2075-75%5D%20Adams%20Alley%20Oop%20Dunk%20Shot%3A%20Made%20%2820%20PTS%29%20Assist%3A%20Westbrook%20%287%20AST%29
2017-18,Regular Season,2017-10-28,0021700079,61,1,05:33,OKC,CHI,203500 Steven Adams,201566 Russell Westbrook,[OKC 20-13] Adams Cutting Dunk Shot: Made (4 PTS) Assist: Westbrook (4 AST),https://www.nba.com/stats/events?GameEventID=61&GameID=0021700079&Season=2017-18&flag=1,https://www.nba.com/stats/events?GameEventID=61&GameID=0021700079&Season=2017-18&flag=1&title=%5BOKC%2020-13%5D%20Adams%20Cutting%20Dunk%20Shot%3A%20Made%20%284%20PTS%29%20Assist%3A%20Westbrook%20%284%20AST%29
2017-18,Regular Season,2017-10-28,0021700079,266,2,03:00,OKC,CHI,203500 Steven Adams,201566 Russell Westbrook,[OKC 46-27] Adams Alley Oop Dunk Shot: Made (8 PTS) Assist: Westbrook (6 AST),https://www.nba.com/stats/events?GameEventID=266&GameID=0021700079&Season=2017-18&flag=1,https://www.nba.com/stats/events?GameEventID=266&GameID=0021700079&Season=2017-18&flag=1&title=%5BOKC%2046-27%5D%20Adams%20Alley%20Oop%20Dunk%20Shot%3A%20Made%20%288%20PTS%29%20Assist%3A%20Westbrook%20%286%20AST%29
2017-18,Regular Season,2017-10-28,0021700079,378,3,05:59,OKC,CHI,203500 Steven Adams,201566 Russell Westbrook,[OKC 65-38] Adams Alley Oop Dunk Shot: Made (10 PTS) Assist: Westbrook (10 AST),https://www.nba.com/stats/events?GameEventID=378&GameID=0021700079&Season=2017-18&flag=1,https://www.nba.com/stats/events?GameEventID=378&GameID=0021700079&Season=2017-18&flag=1&title=%5BOKC%2065-38%5D%20Adams%20Alley%20Oop%20Dunk%20Shot%3A%20Made%20%2810%20PTS%29%20Assist%3A%20Westbrook%20%2810%20AST%29
2017-18,Regular Season,2017-10-28,0021700079,409,3,02:58,OKC,CHI,203500 Steven Adams,201566 Russell Westbrook,[OKC 74-45] Adams Dunk Shot: Made (12 PTS) Assist: Westbrook (13 AST),https://www.nba.com/stats/events?GameEventID=409&GameID=0021700079&Season=2017-18&flag=1,https://www.nba.com/stats/events?GameEventID=409&GameID=0021700079&Season=2017-18&flag=1&title=%5BOKC%2074-45%5D%20Adams%20Dunk%20Shot%3A%20Made%20%2812%20PTS%29%20Assist%3A%20Westbrook%20%2813%20AST%29
2017-18,Regular Season,2017-10-31,0021700103,114,1,05:15,OKC,MIL,203500 Steven Adams,201566 Russell Westbrook,[OKC 15-8] Adams Alley Oop Dunk Shot: Made (6 PTS) Assist: Westbrook (1 AST),https://www.nba.com/stats/events?GameEventID=114&GameID=0021700103&Season=2017-18&flag=1,https://www.nba.com/stats/events?GameEventID=114&GameID=0021700103&Season=2017-18&flag=1&title=%5BOKC%2015-8%5D%20Adams%20Alley%20Oop%20Dunk%20Shot%3A%20Made%20%286%20PTS%29%20Assist%3A%20Westbrook%20%281%20AST%29
2017-18,Regular Season,2017-10-31,0021700103,273,2,02:41,OKC,MIL,203500 Steven Adams,201566 Russell Westbrook,[OKC 56-32] Adams Dunk Shot: Made (12 PTS) Assist: Westbrook (6 AST),https://www.nba.com/stats/events?GameEventID=273&GameID=0021700103&Season=2017-18&flag=1,https://www.nba.com/stats/events?GameEventID=273&GameID=0021700103&Season=2017-18&flag=1&title=%5BOKC%2056-32%5D%20Adams%20Dunk%20Shot%3A%20Made%20%2812%20PTS%29%20Assist%3A%20Westbrook%20%286%20AST%29
2017-18,Regular Season,2017-11-07,0021700158,12,1,11:16,OKC,SAC,203500 Steven Adams,201566 Russell Westbrook,[OKC 2-0] Adams Cutting Dunk Shot: Made (2 PTS) Assist: Westbrook (1 AST),https://www.nba.com/stats/events?GameEventID=12&GameID=0021700158&Season=2017-18&flag=1,https://www.nba.com/stats/events?GameEventID=12&GameID=0021700158&Season=2017-18&flag=1&title=%5BOKC%202-0%5D%20Adams%20Cutting%20Dunk%20Shot%3A%20Made%20%282%20PTS%29%20Assist%3A%20Westbrook%20%281%20AST%29
2017-18,Regular Season,2017-11-07,0021700158,16,1,10:47,OKC,SAC,203500 Steven Adams,201566 Russell Westbrook,[OKC 4-0] Adams Running Dunk Shot: Made (4 PTS) Assist: Westbrook (2 AST),https://www.nba.com/stats/events?GameEventID=16&GameID=0021700158&Season=2017-18&flag=1,https://www.nba.com/stats/events?GameEventID=16&GameID=0021700158&Season=2017-18&flag=1&title=%5BOKC%204-0%5D%20Adams%20Running%20Dunk%20Shot%3A%20Made%20%284%20PTS%29%20Assist%3A%20Westbrook%20%282%20AST%29
2017-18,Regular Season,2017-11-09,0021700168,57,1,07:29,OKC,DEN,203500 Steven Adams,201566 Russell Westbrook,[OKC 16-10] Adams Cutting Dunk Shot: Made (4 PTS) Assist: Westbrook (1 AST),https://www.nba.com/stats/events?GameEventID=57&GameID=0021700168&Season=2017-18&flag=1,https://www.nba.com/stats/events?GameEventID=57&GameID=0021700168&Season=2017-18&flag=1&title=%5BOKC%2016-10%5D%20Adams%20Cutting%20Dunk%20Shot%3A%20Made%20%284%20PTS%29%20Assist%3A%20Westbrook%20%281%20AST%29
2017-18,Regular Season,2017-11-20,0021700248,40,1,09:18,OKC,NOP,203500 Steven Adams,201566 Russell Westbrook,[OKC 10-2] Adams Dunk Shot: Made (2 PTS) Assist: Westbrook (2 AST),https://www.nba.com/stats/events?GameEventID=40&GameID=0021700248&Season=2017-18&flag=1,https://www.nba.com/stats/events?GameEventID=40&GameID=0021700248&Season=2017-18&flag=1&title=%5BOKC%2010-2%5D%20Adams%20Dunk%20Shot%3A%20Made%20%282%20PTS%29%20Assist%3A%20Westbrook%20%282%20AST%29
2017-18,Regular Season,2017-11-20,0021700248,307,2,03:06,OKC,NOP,203500 Steven Adams,201566 Russell Westbrook,[OKC 55-49] Adams Dunk Shot: Made (4 PTS) Assist: Westbrook (6 AST),https://www.nba.com/stats/events?GameEventID=307&GameID=0021700248&Season=2017-18&flag=1,https://www.nba.com/stats/events?GameEventID=307&GameID=0021700248&Season=2017-18&flag=1&title=%5BOKC%2055-49%5D%20Adams%20Dunk%20Shot%3A%20Made%20%284%20PTS%29%20Assist%3A%20Westbrook%20%286%20AST%29
2017-18,Regular Season,2017-12-03,0021700337,306,2,01:46,SAS,OKC,203500 Steven Adams,201566 Russell Westbrook,[OKC 48-39] Adams Alley Oop Dunk Shot: Made (17 PTS) Assist: Westbrook (8 AST),https://www.nba.com/stats/events?GameEventID=306&GameID=0021700337&Season=2017-18&flag=1,https://www.nba.com/stats/events?GameEventID=306&GameID=0021700337&Season=2017-18&flag=1&title=%5BOKC%2048-39%5D%20Adams%20Alley%20Oop%20Dunk%20Shot%3A%20Made%20%2817%20PTS%29%20Assist%3A%20Westbrook%20%288%20AST%29
2017-18,Regular Season,2017-12-05,0021700351,18,1,09:57,UTA,OKC,203500 Steven Adams,201566 Russell Westbrook,[OKC 4-8] Adams Cutting Dunk Shot: Made (2 PTS) Assist: Westbrook (2 AST),https://www.nba.com/stats/events?GameEventID=18&GameID=0021700351&Season=2017-18&flag=1,https://www.nba.com/stats/events?GameEventID=18&GameID=0021700351&Season=2017-18&flag=1&title=%5BOKC%204-8%5D%20Adams%20Cutting%20Dunk%20Shot%3A%20Made%20%282%20PTS%29%20Assist%3A%20Westbrook%20%282%20AST%29
2017-18,Regular Season,2017-12-05,0021700351,69,1,06:09,UTA,OKC,203500 Steven Adams,201566 Russell Westbrook,[OKC 11-11] Adams Running Dunk Shot: Made (5 PTS) Assist: Westbrook (3 AST),https://www.nba.com/stats/events?GameEventID=69&GameID=0021700351&Season=2017-18&flag=1,https://www.nba.com/stats/events?GameEventID=69&GameID=0021700351&Season=2017-18&flag=1&title=%5BOKC%2011-11%5D%20Adams%20Running%20Dunk%20Shot%3A%20Made%20%285%20PTS%29%20Assist%3A%20Westbrook%20%283%20AST%29
2017-18,Regular Season,2017-12-09,0021700382,261,2,05:29,OKC,MEM,203500 Steven Adams,201566 Russell Westbrook,[OKC 30-48] Adams Cutting Dunk Shot: Made (6 PTS) Assist: Westbrook (3 AST),https://www.nba.com/stats/events?GameEventID=261&GameID=0021700382&Season=2017-18&flag=1,https://www.nba.com/stats/events?GameEventID=261&GameID=0021700382&Season=2017-18&flag=1&title=%5BOKC%2030-48%5D%20Adams%20Cutting%20Dunk%20Shot%3A%20Made%20%286%20PTS%29%20Assist%3A%20Westbrook%20%283%20AST%29
2017-18,Regular Season,2017-12-11,0021700394,266,2,04:15,CHA,OKC,203500 Steven Adams,201566 Russell Westbrook,[OKC 43-41] Adams Cutting Dunk Shot: Made (5 PTS) Assist: Westbrook (4 AST),https://www.nba.com/stats/events?GameEventID=266&GameID=0021700394&Season=2017-18&flag=1,https://www.nba.com/stats/events?GameEventID=266&GameID=0021700394&Season=2017-18&flag=1&title=%5BOKC%2043-41%5D%20Adams%20Cutting%20Dunk%20Shot%3A%20Made%20%285%20PTS%29%20Assist%3A%20Westbrook%20%284%20AST%29
2017-18,Regular Season,2017-12-13,0021700404,27,1,09:47,OKC,IND,203500 Steven Adams,201566 Russell Westbrook,[OKC 10-3] Adams Dunk Shot: Made (2 PTS) Assist: Westbrook (2 AST),https://www.nba.com/stats/events?GameEventID=27&GameID=0021700404&Season=2017-18&flag=1,https://www.nba.com/stats/events?GameEventID=27&GameID=0021700404&Season=2017-18&flag=1&title=%5BOKC%2010-3%5D%20Adams%20Dunk%20Shot%3A%20Made%20%282%20PTS%29%20Assist%3A%20Westbrook%20%282%20AST%29
2017-18,Regular Season,2017-12-13,0021700404,39,1,08:32,OKC,IND,203500 Steven Adams,201566 Russell Westbrook,[OKC 12-9] Adams Cutting Dunk Shot: Made (4 PTS) Assist: Westbrook (3 AST),https://www.nba.com/stats/events?GameEventID=39&GameID=0021700404&Season=2017-18&flag=1,https://www.nba.com/stats/events?GameEventID=39&GameID=0021700404&Season=2017-18&flag=1&title=%5BOKC%2012-9%5D%20Adams%20Cutting%20Dunk%20Shot%3A%20Made%20%284%20PTS%29%20Assist%3A%20Westbrook%20%283%20AST%29
2017-18,Regular Season,2017-12-13,0021700404,110,1,02:34,OKC,IND,203500 Steven Adams,201566 Russell Westbrook,[OKC 18-21] Adams Dunk Shot: Made (8 PTS) Assist: Westbrook (5 AST),https://www.nba.com/stats/events?GameEventID=110&GameID=0021700404&Season=2017-18&flag=1,https://www.nba.com/stats/events?GameEventID=110&GameID=0021700404&Season=2017-18&flag=1&title=%5BOKC%2018-21%5D%20Adams%20Dunk%20Shot%3A%20Made%20%288%20PTS%29%20Assist%3A%20Westbrook%20%285%20AST%29
2017-18,Regular Season,2017-12-13,0021700404,250,2,03:49,OKC,IND,203500 Steven Adams,201566 Russell Westbrook,[OKC 38-39] Adams Alley Oop Dunk Shot: Made (10 PTS) Assist: Westbrook (7 AST),https://www.nba.com/stats/events?GameEventID=250&GameID=0021700404&Season=2017-18&flag=1,https://www.nba.com/stats/events?GameEventID=250&GameID=0021700404&Season=2017-18&flag=1&title=%5BOKC%2038-39%5D%20Adams%20Alley%20Oop%20Dunk%20Shot%3A%20Made%20%2810%20PTS%29%20Assist%3A%20Westbrook%20%287%20AST%29
2017-18,Regular Season,2017-12-15,0021700421,339,3,11:36,OKC,PHI,203500 Steven Adams,201566 Russell Westbrook,[OKC 57-47] Adams Dunk Shot: Made (2 PTS) Assist: Westbrook (9 AST),https://www.nba.com/stats/events?GameEventID=339&GameID=0021700421&Season=2017-18&flag=1,https://www.nba.com/stats/events?GameEventID=339&GameID=0021700421&Season=2017-18&flag=1&title=%5BOKC%2057-47%5D%20Adams%20Dunk%20Shot%3A%20Made%20%282%20PTS%29%20Assist%3A%20Westbrook%20%289%20AST%29
2017-18,Regular Season,2017-12-15,0021700421,355,3,10:04,OKC,PHI,203500 Steven Adams,201566 Russell Westbrook,[OKC 59-49] Adams Alley Oop Dunk Shot: Made (4 PTS) Assist: Westbrook (10 AST),https://www.nba.com/stats/events?GameEventID=355&GameID=0021700421&Season=2017-18&flag=1,https://www.nba.com/stats/events?GameEventID=355&GameID=0021700421&Season=2017-18&flag=1&title=%5BOKC%2059-49%5D%20Adams%20Alley%20Oop%20Dunk%20Shot%3A%20Made%20%284%20PTS%29%20Assist%3A%20Westbrook%20%2810%20AST%29
2017-18,Regular Season,2017-12-20,0021700460,270,2,02:35,UTA,OKC,203500 Steven Adams,201566 Russell Westbrook,[OKC 48-29] Adams Alley Oop Dunk Shot: Made (7 PTS) Assist: Westbrook (4 AST),https://www.nba.com/stats/events?GameEventID=270&GameID=0021700460&Season=2017-18&flag=1,https://www.nba.com/stats/events?GameEventID=270&GameID=0021700460&Season=2017-18&flag=1&title=%5BOKC%2048-29%5D%20Adams%20Alley%20Oop%20Dunk%20Shot%3A%20Made%20%287%20PTS%29%20Assist%3A%20Westbrook%20%284%20AST%29
2017-18,Regular Season,2017-12-22,0021700477,86,1,04:45,ATL,OKC,203500 Steven Adams,201566 Russell Westbrook,[OKC 19-15] Adams Alley Oop Dunk Shot: Made (5 PTS) Assist: Westbrook (4 AST),https://www.nba.com/stats/events?GameEventID=86&GameID=0021700477&Season=2017-18&flag=1,https://www.nba.com/stats/events?GameEventID=86&GameID=0021700477&Season=2017-18&flag=1&title=%5BOKC%2019-15%5D%20Adams%20Alley%20Oop%20Dunk%20Shot%3A%20Made%20%285%20PTS%29%20Assist%3A%20Westbrook%20%284%20AST%29
2017-18,Regular Season,2017-12-22,0021700477,284,2,02:11,ATL,OKC,203500 Steven Adams,201566 Russell Westbrook,[OKC 55-43] Adams Running Dunk Shot: Made (7 PTS) Assist: Westbrook (7 AST),https://www.nba.com/stats/events?GameEventID=284&GameID=0021700477&Season=2017-18&flag=1,https://www.nba.com/stats/events?GameEventID=284&GameID=0021700477&Season=2017-18&flag=1&title=%5BOKC%2055-43%5D%20Adams%20Running%20Dunk%20Shot%3A%20Made%20%287%20PTS%29%20Assist%3A%20Westbrook%20%287%20AST%29
2017-18,Regular Season,2017-12-22,0021700477,323,3,11:49,ATL,OKC,203500 Steven Adams,201566 Russell Westbrook,[OKC 66-50] Adams Cutting Dunk Shot: Made (9 PTS) Assist: Westbrook (9 AST),https://www.nba.com/stats/events?GameEventID=323&GameID=0021700477&Season=2017-18&flag=1,https://www.nba.com/stats/events?GameEventID=323&GameID=0021700477&Season=2017-18&flag=1&title=%5BOKC%2066-50%5D%20Adams%20Cutting%20Dunk%20Shot%3A%20Made%20%289%20PTS%29%20Assist%3A%20Westbrook%20%289%20AST%29
2017-18,Regular Season,2017-12-22,0021700477,343,3,09:54,ATL,OKC,203500 Steven Adams,201566 Russell Westbrook,[OKC 68-54] Adams Alley Oop Dunk Shot: Made (11 PTS) Assist: Westbrook (10 AST),https://www.nba.com/stats/events?GameEventID=343&GameID=0021700477&Season=2017-18&flag=1,https://www.nba.com/stats/events?GameEventID=343&GameID=0021700477&Season=2017-18&flag=1&title=%5BOKC%2068-54%5D%20Adams%20Alley%20Oop%20Dunk%20Shot%3A%20Made%20%2811%20PTS%29%20Assist%3A%20Westbrook%20%2810%20AST%29
2017-18,Regular Season,2017-12-23,0021700488,570,4,00:14.5,OKC,UTA,203500 Steven Adams,201566 Russell Westbrook,[OKC 103-89] Adams Alley Oop Dunk Shot: Made (12 PTS) Assist: Westbrook (10 AST),https://www.nba.com/stats/events?GameEventID=570&GameID=0021700488&Season=2017-18&flag=1,https://www.nba.com/stats/events?GameEventID=570&GameID=0021700488&Season=2017-18&flag=1&title=%5BOKC%20103-89%5D%20Adams%20Alley%20Oop%20Dunk%20Shot%3A%20Made%20%2812%20PTS%29%20Assist%3A%20Westbrook%20%2810%20AST%29
2017-18,Regular Season,2017-12-25,0021700496,32,1,09:15,HOU,OKC,203500 Steven Adams,201566 Russell Westbrook,[OKC 11-4] Adams Running Dunk Shot: Made (6 PTS) Assist: Westbrook (3 AST),https://www.nba.com/stats/events?GameEventID=32&GameID=0021700496&Season=2017-18&flag=1,https://www.nba.com/stats/events?GameEventID=32&GameID=0021700496&Season=2017-18&flag=1&title=%5BOKC%2011-4%5D%20Adams%20Running%20Dunk%20Shot%3A%20Made%20%286%20PTS%29%20Assist%3A%20Westbrook%20%283%20AST%29
2017-18,Regular Season,2017-12-27,0021700512,631,4,05:44,TOR,OKC,203500 Steven Adams,201566 Russell Westbrook,[OKC 114-96] Adams Cutting Dunk Shot: Made (18 PTS) Assist: Westbrook (12 AST),https://www.nba.com/stats/events?GameEventID=631&GameID=0021700512&Season=2017-18&flag=1,https://www.nba.com/stats/events?GameEventID=631&GameID=0021700512&Season=2017-18&flag=1&title=%5BOKC%20114-96%5D%20Adams%20Cutting%20Dunk%20Shot%3A%20Made%20%2818%20PTS%29%20Assist%3A%20Westbrook%20%2812%20AST%29
2017-18,Regular Season,2017-12-29,0021700526,27,1,09:59,MIL,OKC,203500 Steven Adams,201566 Russell Westbrook,[OKC 2-4] Adams Cutting Dunk Shot: Made (2 PTS) Assist: Westbrook (1 AST),https://www.nba.com/stats/events?GameEventID=27&GameID=0021700526&Season=2017-18&flag=1,https://www.nba.com/stats/events?GameEventID=27&GameID=0021700526&Season=2017-18&flag=1&title=%5BOKC%202-4%5D%20Adams%20Cutting%20Dunk%20Shot%3A%20Made%20%282%20PTS%29%20Assist%3A%20Westbrook%20%281%20AST%29
2017-18,Regular Season,2017-12-29,0021700526,346,3,09:21,MIL,OKC,203500 Steven Adams,201566 Russell Westbrook,[OKC 53-61] Adams Cutting Dunk Shot: Made (5 PTS) Assist: Westbrook (4 AST),https://www.nba.com/stats/events?GameEventID=346&GameID=0021700526&Season=2017-18&flag=1,https://www.nba.com/stats/events?GameEventID=346&GameID=0021700526&Season=2017-18&flag=1&title=%5BOKC%2053-61%5D%20Adams%20Cutting%20Dunk%20Shot%3A%20Made%20%285%20PTS%29%20Assist%3A%20Westbrook%20%284%20AST%29
2017-18,Regular Season,2017-12-31,0021700541,21,1,10:18,DAL,OKC,203500 Steven Adams,201566 Russell Westbrook,[OKC 8-2] Adams Running Dunk Shot: Made (4 PTS) Assist: Westbrook (2 AST),https://www.nba.com/stats/events?GameEventID=21&GameID=0021700541&Season=2017-18&flag=1,https://www.nba.com/stats/events?GameEventID=21&GameID=0021700541&Season=2017-18&flag=1&title=%5BOKC%208-2%5D%20Adams%20Running%20Dunk%20Shot%3A%20Made%20%284%20PTS%29%20Assist%3A%20Westbrook%20%282%20AST%29
2017-18,Regular Season,2018-01-03,0021700565,330,3,10:15,OKC,LAL,203500 Steven Adams,201566 Russell Westbrook,[OKC 71-48] Adams Cutting Dunk Shot: Made (6 PTS) Assist: Westbrook (10 AST),https://www.nba.com/stats/events?GameEventID=330&GameID=0021700565&Season=2017-18&flag=1,https://www.nba.com/stats/events?GameEventID=330&GameID=0021700565&Season=2017-18&flag=1&title=%5BOKC%2071-48%5D%20Adams%20Cutting%20Dunk%20Shot%3A%20Made%20%286%20PTS%29%20Assist%3A%20Westbrook%20%2810%20AST%29
2017-18,Regular Season,2018-01-03,0021700565,349,3,08:42,OKC,LAL,203500 Steven Adams,201566 Russell Westbrook,[OKC 73-51] Adams Alley Oop Dunk Shot: Made (8 PTS) Assist: Westbrook (11 AST),https://www.nba.com/stats/events?GameEventID=349&GameID=0021700565&Season=2017-18&flag=1,https://www.nba.com/stats/events?GameEventID=349&GameID=0021700565&Season=2017-18&flag=1&title=%5BOKC%2073-51%5D%20Adams%20Alley%20Oop%20Dunk%20Shot%3A%20Made%20%288%20PTS%29%20Assist%3A%20Westbrook%20%2811%20AST%29
2017-18,Regular Season,2018-01-07,0021700588,27,1,10:09,OKC,PHX,203500 Steven Adams,201566 Russell Westbrook,[OKC 7-2] Adams Dunk Shot: Made (4 PTS) Assist: Westbrook (3 AST),https://www.nba.com/stats/events?GameEventID=27&GameID=0021700588&Season=2017-18&flag=1,https://www.nba.com/stats/events?GameEventID=27&GameID=0021700588&Season=2017-18&flag=1&title=%5BOKC%207-2%5D%20Adams%20Dunk%20Shot%3A%20Made%20%284%20PTS%29%20Assist%3A%20Westbrook%20%283%20AST%29
2017-18,Regular Season,2018-01-07,0021700588,452,3,04:06,OKC,PHX,203500 Steven Adams,201566 Russell Westbrook,[OKC 77-81] Adams Alley Oop Dunk Shot: Made (16 PTS) Assist: Westbrook (8 AST),https://www.nba.com/stats/events?GameEventID=452&GameID=0021700588&Season=2017-18&flag=1,https://www.nba.com/stats/events?GameEventID=452&GameID=0021700588&Season=2017-18&flag=1&title=%5BOKC%2077-81%5D%20Adams%20Alley%20Oop%20Dunk%20Shot%3A%20Made%20%2816%20PTS%29%20Assist%3A%20Westbrook%20%288%20AST%29
2017-18,Regular Season,2018-01-13,0021700629,15,1,10:36,OKC,CHA,203500 Steven Adams,201566 Russell Westbrook,[OKC 7-2] Adams Dunk Shot: Made (2 PTS) Assist: Westbrook (3 AST),https://www.nba.com/stats/events?GameEventID=15&GameID=0021700629&Season=2017-18&flag=1,https://www.nba.com/stats/events?GameEventID=15&GameID=0021700629&Season=2017-18&flag=1&title=%5BOKC%207-2%5D%20Adams%20Dunk%20Shot%3A%20Made%20%282%20PTS%29%20Assist%3A%20Westbrook%20%283%20AST%29
2017-18,Regular Season,2018-01-13,0021700629,108,1,03:32,OKC,CHA,203500 Steven Adams,201566 Russell Westbrook,[OKC 25-13] Adams Alley Oop Dunk Shot: Made (8 PTS) Assist: Westbrook (4 AST),https://www.nba.com/stats/events?GameEventID=108&GameID=0021700629&Season=2017-18&flag=1,https://www.nba.com/stats/events?GameEventID=108&GameID=0021700629&Season=2017-18&flag=1&title=%5BOKC%2025-13%5D%20Adams%20Alley%20Oop%20Dunk%20Shot%3A%20Made%20%288%20PTS%29%20Assist%3A%20Westbrook%20%284%20AST%29
2017-18,Regular Season,2018-01-13,0021700629,346,3,10:30,OKC,CHA,203500 Steven Adams,201566 Russell Westbrook,[OKC 60-61] Adams Dunk Shot: Made (12 PTS) Assist: Westbrook (6 AST),https://www.nba.com/stats/events?GameEventID=346&GameID=0021700629&Season=2017-18&flag=1,https://www.nba.com/stats/events?GameEventID=346&GameID=0021700629&Season=2017-18&flag=1&title=%5BOKC%2060-61%5D%20Adams%20Dunk%20Shot%3A%20Made%20%2812%20PTS%29%20Assist%3A%20Westbrook%20%286%20AST%29
2017-18,Regular Season,2018-01-13,0021700629,571,4,04:27,OKC,CHA,203500 Steven Adams,201566 Russell Westbrook,[OKC 97-86] Adams Dunk Shot: Made (14 PTS) Assist: Westbrook (7 AST),https://www.nba.com/stats/events?GameEventID=571&GameID=0021700629&Season=2017-18&flag=1,https://www.nba.com/stats/events?GameEventID=571&GameID=0021700629&Season=2017-18&flag=1&title=%5BOKC%2097-86%5D%20Adams%20Dunk%20Shot%3A%20Made%20%2814%20PTS%29%20Assist%3A%20Westbrook%20%287%20AST%29
2017-18,Regular Season,2018-01-15,0021700643,472,3,02:20,SAC,OKC,203500 Steven Adams,201566 Russell Westbrook,[OKC 73-66] Adams Alley Oop Dunk Shot: Made (12 PTS) Assist: Westbrook (6 AST),https://www.nba.com/stats/events?GameEventID=472&GameID=0021700643&Season=2017-18&flag=1,https://www.nba.com/stats/events?GameEventID=472&GameID=0021700643&Season=2017-18&flag=1&title=%5BOKC%2073-66%5D%20Adams%20Alley%20Oop%20Dunk%20Shot%3A%20Made%20%2812%20PTS%29%20Assist%3A%20Westbrook%20%286%20AST%29
2017-18,Regular Season,2018-01-17,0021700660,307,3,10:33,LAL,OKC,203500 Steven Adams,201566 Russell Westbrook,[OKC 64-59] Adams Alley Oop Dunk Shot: Made (16 PTS) Assist: Westbrook (6 AST),https://www.nba.com/stats/events?GameEventID=307&GameID=0021700660&Season=2017-18&flag=1,https://www.nba.com/stats/events?GameEventID=307&GameID=0021700660&Season=2017-18&flag=1&title=%5BOKC%2064-59%5D%20Adams%20Alley%20Oop%20Dunk%20Shot%3A%20Made%20%2816%20PTS%29%20Assist%3A%20Westbrook%20%286%20AST%29
2017-18,Regular Season,2018-01-20,0021700674,7,1,11:43,OKC,CLE,203500 Steven Adams,201566 Russell Westbrook,[OKC 2-0] Adams Dunk Shot: Made (2 PTS) Assist: Westbrook (1 AST),https://www.nba.com/stats/events?GameEventID=7&GameID=0021700674&Season=2017-18&flag=1,https://www.nba.com/stats/events?GameEventID=7&GameID=0021700674&Season=2017-18&flag=1&title=%5BOKC%202-0%5D%20Adams%20Dunk%20Shot%3A%20Made%20%282%20PTS%29%20Assist%3A%20Westbrook%20%281%20AST%29
2017-18,Regular Season,2018-01-25,0021700711,7,1,11:44,WAS,OKC,203500 Steven Adams,201566 Russell Westbrook,[OKC 2-0] Adams Alley Oop Dunk Shot: Made (2 PTS) Assist: Westbrook (1 AST),https://www.nba.com/stats/events?GameEventID=7&GameID=0021700711&Season=2017-18&flag=1,https://www.nba.com/stats/events?GameEventID=7&GameID=0021700711&Season=2017-18&flag=1&title=%5BOKC%202-0%5D%20Adams%20Alley%20Oop%20Dunk%20Shot%3A%20Made%20%282%20PTS%29%20Assist%3A%20Westbrook%20%281%20AST%29
2017-18,Regular Season,2018-01-28,0021700736,52,1,08:20,PHI,OKC,203500 Steven Adams,201566 Russell Westbrook,[OKC 13-10] Adams Alley Oop Dunk Shot: Made (4 PTS) Assist: Westbrook (2 AST),https://www.nba.com/stats/events?GameEventID=52&GameID=0021700736&Season=2017-18&flag=1,https://www.nba.com/stats/events?GameEventID=52&GameID=0021700736&Season=2017-18&flag=1&title=%5BOKC%2013-10%5D%20Adams%20Alley%20Oop%20Dunk%20Shot%3A%20Made%20%284%20PTS%29%20Assist%3A%20Westbrook%20%282%20AST%29
2017-18,Regular Season,2018-01-28,0021700736,497,3,02:59,PHI,OKC,203500 Steven Adams,201566 Russell Westbrook,[OKC 84-79] Adams Alley Oop Dunk Shot: Made (10 PTS) Assist: Westbrook (9 AST),https://www.nba.com/stats/events?GameEventID=497&GameID=0021700736&Season=2017-18&flag=1,https://www.nba.com/stats/events?GameEventID=497&GameID=0021700736&Season=2017-18&flag=1&title=%5BOKC%2084-79%5D%20Adams%20Alley%20Oop%20Dunk%20Shot%3A%20Made%20%2810%20PTS%29%20Assist%3A%20Westbrook%20%289%20AST%29
2017-18,Regular Season,2018-01-28,0021700736,651,4,05:06,PHI,OKC,203500 Steven Adams,201566 Russell Westbrook,[OKC 108-102] Adams Alley Oop Dunk Shot: Made (16 PTS) Assist: Westbrook (13 AST),https://www.nba.com/stats/events?GameEventID=651&GameID=0021700736&Season=2017-18&flag=1,https://www.nba.com/stats/events?GameEventID=651&GameID=0021700736&Season=2017-18&flag=1&title=%5BOKC%20108-102%5D%20Adams%20Alley%20Oop%20Dunk%20Shot%3A%20Made%20%2816%20PTS%29%20Assist%3A%20Westbrook%20%2813%20AST%29
2017-18,Regular Season,2018-02-01,0021700765,41,1,08:17,OKC,DEN,203500 Steven Adams,201566 Russell Westbrook,[OKC 10-12] Adams Alley Oop Dunk Shot: Made (4 PTS) Assist: Westbrook (3 AST),https://www.nba.com/stats/events?GameEventID=41&GameID=0021700765&Season=2017-18&flag=1,https://www.nba.com/stats/events?GameEventID=41&GameID=0021700765&Season=2017-18&flag=1&title=%5BOKC%2010-12%5D%20Adams%20Alley%20Oop%20Dunk%20Shot%3A%20Made%20%284%20PTS%29%20Assist%3A%20Westbrook%20%283%20AST%29
2017-18,Regular Season,2018-02-01,0021700765,344,3,10:40,OKC,DEN,203500 Steven Adams,201566 Russell Westbrook,[OKC 63-76] Adams Running Dunk Shot: Made (10 PTS) Assist: Westbrook (15 AST),https://www.nba.com/stats/events?GameEventID=344&GameID=0021700765&Season=2017-18&flag=1,https://www.nba.com/stats/events?GameEventID=344&GameID=0021700765&Season=2017-18&flag=1&title=%5BOKC%2063-76%5D%20Adams%20Running%20Dunk%20Shot%3A%20Made%20%2810%20PTS%29%20Assist%3A%20Westbrook%20%2815%20AST%29
2017-18,Regular Season,2018-02-02,0021700772,99,1,04:44,NOP,OKC,203500 Steven Adams,201566 Russell Westbrook,[OKC 17-14] Adams Running Dunk Shot: Made (6 PTS) Assist: Westbrook (4 AST),https://www.nba.com/stats/events?GameEventID=99&GameID=0021700772&Season=2017-18&flag=1,https://www.nba.com/stats/events?GameEventID=99&GameID=0021700772&Season=2017-18&flag=1&title=%5BOKC%2017-14%5D%20Adams%20Running%20Dunk%20Shot%3A%20Made%20%286%20PTS%29%20Assist%3A%20Westbrook%20%284%20AST%29
2017-18,Regular Season,2018-02-02,0021700772,232,2,06:33,NOP,OKC,203500 Steven Adams,201566 Russell Westbrook,[OKC 45-34] Adams Alley Oop Dunk Shot: Made (11 PTS) Assist: Westbrook (7 AST),https://www.nba.com/stats/events?GameEventID=232&GameID=0021700772&Season=2017-18&flag=1,https://www.nba.com/stats/events?GameEventID=232&GameID=0021700772&Season=2017-18&flag=1&title=%5BOKC%2045-34%5D%20Adams%20Alley%20Oop%20Dunk%20Shot%3A%20Made%20%2811%20PTS%29%20Assist%3A%20Westbrook%20%287%20AST%29
2017-18,Regular Season,2018-02-02,0021700772,266,2,04:06,NOP,OKC,203500 Steven Adams,201566 Russell Westbrook,[OKC 52-40] Adams Alley Oop Dunk Shot: Made (13 PTS) Assist: Westbrook (9 AST),https://www.nba.com/stats/events?GameEventID=266&GameID=0021700772&Season=2017-18&flag=1,https://www.nba.com/stats/events?GameEventID=266&GameID=0021700772&Season=2017-18&flag=1&title=%5BOKC%2052-40%5D%20Adams%20Alley%20Oop%20Dunk%20Shot%3A%20Made%20%2813%20PTS%29%20Assist%3A%20Westbrook%20%289%20AST%29
2017-18,Regular Season,2018-02-02,0021700772,429,3,02:56,NOP,OKC,203500 Steven Adams,201566 Russell Westbrook,[OKC 78-82] Adams Dunk Shot: Made (19 PTS) Assist: Westbrook (12 AST),https://www.nba.com/stats/events?GameEventID=429&GameID=0021700772&Season=2017-18&flag=1,https://www.nba.com/stats/events?GameEventID=429&GameID=0021700772&Season=2017-18&flag=1&title=%5BOKC%2078-82%5D%20Adams%20Dunk%20Shot%3A%20Made%20%2819%20PTS%29%20Assist%3A%20Westbrook%20%2812%20AST%29
2017-18,Regular Season,2018-02-04,0021700788,89,1,03:51,LAL,OKC,203500 Steven Adams,201566 Russell Westbrook,[OKC 14-17] Adams Cutting Dunk Shot: Made (2 PTS) Assist: Westbrook (2 AST),https://www.nba.com/stats/events?GameEventID=89&GameID=0021700788&Season=2017-18&flag=1,https://www.nba.com/stats/events?GameEventID=89&GameID=0021700788&Season=2017-18&flag=1&title=%5BOKC%2014-17%5D%20Adams%20Cutting%20Dunk%20Shot%3A%20Made%20%282%20PTS%29%20Assist%3A%20Westbrook%20%282%20AST%29
2017-18,Regular Season,2018-02-04,0021700788,111,1,02:38,LAL,OKC,203500 Steven Adams,201566 Russell Westbrook,[OKC 18-22] Adams Cutting Dunk Shot: Made (4 PTS) Assist: Westbrook (3 AST),https://www.nba.com/stats/events?GameEventID=111&GameID=0021700788&Season=2017-18&flag=1,https://www.nba.com/stats/events?GameEventID=111&GameID=0021700788&Season=2017-18&flag=1&title=%5BOKC%2018-22%5D%20Adams%20Cutting%20Dunk%20Shot%3A%20Made%20%284%20PTS%29%20Assist%3A%20Westbrook%20%283%20AST%29
2017-18,Regular Season,2018-02-04,0021700788,227,2,07:01,LAL,OKC,203500 Steven Adams,201566 Russell Westbrook,[OKC 34-34] Adams Cutting Dunk Shot: Made (6 PTS) Assist: Westbrook (4 AST),https://www.nba.com/stats/events?GameEventID=227&GameID=0021700788&Season=2017-18&flag=1,https://www.nba.com/stats/events?GameEventID=227&GameID=0021700788&Season=2017-18&flag=1&title=%5BOKC%2034-34%5D%20Adams%20Cutting%20Dunk%20Shot%3A%20Made%20%286%20PTS%29%20Assist%3A%20Westbrook%20%284%20AST%29
2017-18,Regular Season,2018-02-06,0021700803,7,1,11:44,OKC,GSW,203500 Steven Adams,201566 Russell Westbrook,[OKC 2-0] Adams Cutting Dunk Shot: Made (2 PTS) Assist: Westbrook (1 AST),https://www.nba.com/stats/events?GameEventID=7&GameID=0021700803&Season=2017-18&flag=1,https://www.nba.com/stats/events?GameEventID=7&GameID=0021700803&Season=2017-18&flag=1&title=%5BOKC%202-0%5D%20Adams%20Cutting%20Dunk%20Shot%3A%20Made%20%282%20PTS%29%20Assist%3A%20Westbrook%20%281%20AST%29
2017-18,Regular Season,2018-02-06,0021700803,660,4,06:06,OKC,GSW,203500 Steven Adams,201566 Russell Westbrook,[OKC 113-92] Adams Driving Dunk Shot: Made (12 PTS) Assist: Westbrook (7 AST),https://www.nba.com/stats/events?GameEventID=660&GameID=0021700803&Season=2017-18&flag=1,https://www.nba.com/stats/events?GameEventID=660&GameID=0021700803&Season=2017-18&flag=1&title=%5BOKC%20113-92%5D%20Adams%20Driving%20Dunk%20Shot%3A%20Made%20%2812%20PTS%29%20Assist%3A%20Westbrook%20%287%20AST%29
2017-18,Regular Season,2018-02-13,0021700850,75,1,05:43,CLE,OKC,203500 Steven Adams,201566 Russell Westbrook,[OKC 20-17] Adams Alley Oop Dunk Shot: Made (9 PTS) Assist: Westbrook (3 AST),https://www.nba.com/stats/events?GameEventID=75&GameID=0021700850&Season=2017-18&flag=1,https://www.nba.com/stats/events?GameEventID=75&GameID=0021700850&Season=2017-18&flag=1&title=%5BOKC%2020-17%5D%20Adams%20Alley%20Oop%20Dunk%20Shot%3A%20Made%20%289%20PTS%29%20Assist%3A%20Westbrook%20%283%20AST%29
2017-18,Regular Season,2018-02-14,0021700861,100,1,02:58,OKC,MEM,203500 Steven Adams,201566 Russell Westbrook,[OKC 25-23] Adams Dunk Shot: Made (2 PTS) Assist: Westbrook (1 AST),https://www.nba.com/stats/events?GameEventID=100&GameID=0021700861&Season=2017-18&flag=1,https://www.nba.com/stats/events?GameEventID=100&GameID=0021700861&Season=2017-18&flag=1&title=%5BOKC%2025-23%5D%20Adams%20Dunk%20Shot%3A%20Made%20%282%20PTS%29%20Assist%3A%20Westbrook%20%281%20AST%29
2017-18,Regular Season,2018-02-14,0021700861,237,2,05:20,OKC,MEM,203500 Steven Adams,201566 Russell Westbrook,[OKC 52-44] Adams Alley Oop Dunk Shot: Made (7 PTS) Assist: Westbrook (3 AST),https://www.nba.com/stats/events?GameEventID=237&GameID=0021700861&Season=2017-18&flag=1,https://www.nba.com/stats/events?GameEventID=237&GameID=0021700861&Season=2017-18&flag=1&title=%5BOKC%2052-44%5D%20Adams%20Alley%20Oop%20Dunk%20Shot%3A%20Made%20%287%20PTS%29%20Assist%3A%20Westbrook%20%283%20AST%29
2017-18,Regular Season,2018-02-14,0021700861,557,4,06:50,OKC,MEM,203500 Steven Adams,201566 Russell Westbrook,[OKC 104-97] Adams Dunk Shot: Made (11 PTS) Assist: Westbrook (11 AST),https://www.nba.com/stats/events?GameEventID=557&GameID=0021700861&Season=2017-18&flag=1,https://www.nba.com/stats/events?GameEventID=557&GameID=0021700861&Season=2017-18&flag=1&title=%5BOKC%20104-97%5D%20Adams%20Dunk%20Shot%3A%20Made%20%2811%20PTS%29%20Assist%3A%20Westbrook%20%2811%20AST%29
2017-18,Regular Season,2018-02-22,0021700871,239,2,05:13,OKC,SAC,203500 Steven Adams,201566 Russell Westbrook,[OKC 58-45] Adams Running Dunk Shot: Made (10 PTS) Assist: Westbrook (6 AST),https://www.nba.com/stats/events?GameEventID=239&GameID=0021700871&Season=2017-18&flag=1,https://www.nba.com/stats/events?GameEventID=239&GameID=0021700871&Season=2017-18&flag=1&title=%5BOKC%2058-45%5D%20Adams%20Running%20Dunk%20Shot%3A%20Made%20%2810%20PTS%29%20Assist%3A%20Westbrook%20%286%20AST%29
2017-18,Regular Season,2018-02-22,0021700871,277,2,02:35,OKC,SAC,203500 Steven Adams,201566 Russell Westbrook,[OKC 62-56] Adams Cutting Dunk Shot: Made (12 PTS) Assist: Westbrook (7 AST),https://www.nba.com/stats/events?GameEventID=277&GameID=0021700871&Season=2017-18&flag=1,https://www.nba.com/stats/events?GameEventID=277&GameID=0021700871&Season=2017-18&flag=1&title=%5BOKC%2062-56%5D%20Adams%20Cutting%20Dunk%20Shot%3A%20Made%20%2812%20PTS%29%20Assist%3A%20Westbrook%20%287%20AST%29
2017-18,Regular Season,2018-02-22,0021700871,367,3,07:06,OKC,SAC,203500 Steven Adams,201566 Russell Westbrook,[OKC 78-69] Adams Dunk Shot: Made (14 PTS) Assist: Westbrook (10 AST),https://www.nba.com/stats/events?GameEventID=367&GameID=0021700871&Season=2017-18&flag=1,https://www.nba.com/stats/events?GameEventID=367&GameID=0021700871&Season=2017-18&flag=1&title=%5BOKC%2078-69%5D%20Adams%20Dunk%20Shot%3A%20Made%20%2814%20PTS%29%20Assist%3A%20Westbrook%20%2810%20AST%29
2017-18,Regular Season,2018-02-24,0021700887,227,2,07:14,OKC,GSW,203500 Steven Adams,201566 Russell Westbrook,[OKC 31-30] Adams Running Alley Oop Dunk Shot: Made (6 PTS) Assist: Westbrook (3 AST),https://www.nba.com/stats/events?GameEventID=227&GameID=0021700887&Season=2017-18&flag=1,https://www.nba.com/stats/events?GameEventID=227&GameID=0021700887&Season=2017-18&flag=1&title=%5BOKC%2031-30%5D%20Adams%20Running%20Alley%20Oop%20Dunk%20Shot%3A%20Made%20%286%20PTS%29%20Assist%3A%20Westbrook%20%283%20AST%29
2017-18,Regular Season,2018-02-24,0021700887,361,3,10:36,OKC,GSW,203500 Steven Adams,201566 Russell Westbrook,[OKC 50-54] Adams Dunk Shot: Made (13 PTS) Assist: Westbrook (6 AST),https://www.nba.com/stats/events?GameEventID=361&GameID=0021700887&Season=2017-18&flag=1,https://www.nba.com/stats/events?GameEventID=361&GameID=0021700887&Season=2017-18&flag=1&title=%5BOKC%2050-54%5D%20Adams%20Dunk%20Shot%3A%20Made%20%2813%20PTS%29%20Assist%3A%20Westbrook%20%286%20AST%29
2017-18,Regular Season,2018-02-26,0021700903,66,1,05:33,ORL,OKC,203500 Steven Adams,201566 Russell Westbrook,[OKC 16-20] Adams Cutting Dunk Shot: Made (8 PTS) Assist: Westbrook (3 AST),https://www.nba.com/stats/events?GameEventID=66&GameID=0021700903&Season=2017-18&flag=1,https://www.nba.com/stats/events?GameEventID=66&GameID=0021700903&Season=2017-18&flag=1&title=%5BOKC%2016-20%5D%20Adams%20Cutting%20Dunk%20Shot%3A%20Made%20%288%20PTS%29%20Assist%3A%20Westbrook%20%283%20AST%29
2017-18,Regular Season,2018-03-02,0021700933,401,3,06:15,OKC,PHX,203500 Steven Adams,201566 Russell Westbrook,[OKC 79-87] Adams Alley Oop Dunk Shot: Made (7 PTS) Assist: Westbrook (7 AST),https://www.nba.com/stats/events?GameEventID=401&GameID=0021700933&Season=2017-18&flag=1,https://www.nba.com/stats/events?GameEventID=401&GameID=0021700933&Season=2017-18&flag=1&title=%5BOKC%2079-87%5D%20Adams%20Alley%20Oop%20Dunk%20Shot%3A%20Made%20%287%20PTS%29%20Assist%3A%20Westbrook%20%287%20AST%29
2017-18,Regular Season,2018-03-02,0021700933,616,4,03:56,OKC,PHX,203500 Steven Adams,201566 Russell Westbrook,[OKC 114-110] Adams Running Dunk Shot: Made (11 PTS) Assist: Westbrook (8 AST),https://www.nba.com/stats/events?GameEventID=616&GameID=0021700933&Season=2017-18&flag=1,https://www.nba.com/stats/events?GameEventID=616&GameID=0021700933&Season=2017-18&flag=1&title=%5BOKC%20114-110%5D%20Adams%20Running%20Dunk%20Shot%3A%20Made%20%2811%20PTS%29%20Assist%3A%20Westbrook%20%288%20AST%29
2017-18,Regular Season,2018-03-08,0021700975,72,1,05:32,PHX,OKC,203500 Steven Adams,201566 Russell Westbrook,[OKC 15-17] Adams Cutting Dunk Shot: Made (6 PTS) Assist: Westbrook (2 AST),https://www.nba.com/stats/events?GameEventID=72&GameID=0021700975&Season=2017-18&flag=1,https://www.nba.com/stats/events?GameEventID=72&GameID=0021700975&Season=2017-18&flag=1&title=%5BOKC%2015-17%5D%20Adams%20Cutting%20Dunk%20Shot%3A%20Made%20%286%20PTS%29%20Assist%3A%20Westbrook%20%282%20AST%29
2017-18,Regular Season,2018-03-12,0021701003,390,3,05:35,SAC,OKC,203500 Steven Adams,201566 Russell Westbrook,[OKC 64-57] Adams Dunk Shot: Made (6 PTS) Assist: Westbrook (6 AST),https://www.nba.com/stats/events?GameEventID=390&GameID=0021701003&Season=2017-18&flag=1,https://www.nba.com/stats/events?GameEventID=390&GameID=0021701003&Season=2017-18&flag=1&title=%5BOKC%2064-57%5D%20Adams%20Dunk%20Shot%3A%20Made%20%286%20PTS%29%20Assist%3A%20Westbrook%20%286%20AST%29
2017-18,Regular Season,2018-03-16,0021701032,219,2,07:37,LAC,OKC,203500 Steven Adams,201566 Russell Westbrook,[OKC 45-38] Adams Dunk Shot: Made (8 PTS) Assist: Westbrook (3 AST),https://www.nba.com/stats/events?GameEventID=219&GameID=0021701032&Season=2017-18&flag=1,https://www.nba.com/stats/events?GameEventID=219&GameID=0021701032&Season=2017-18&flag=1&title=%5BOKC%2045-38%5D%20Adams%20Dunk%20Shot%3A%20Made%20%288%20PTS%29%20Assist%3A%20Westbrook%20%283%20AST%29
2017-18,Regular Season,2018-03-16,0021701032,223,2,07:04,LAC,OKC,203500 Steven Adams,201566 Russell Westbrook,[OKC 47-41] Adams Dunk Shot: Made (10 PTS) Assist: Westbrook (4 AST),https://www.nba.com/stats/events?GameEventID=223&GameID=0021701032&Season=2017-18&flag=1,https://www.nba.com/stats/events?GameEventID=223&GameID=0021701032&Season=2017-18&flag=1&title=%5BOKC%2047-41%5D%20Adams%20Dunk%20Shot%3A%20Made%20%2810%20PTS%29%20Assist%3A%20Westbrook%20%284%20AST%29
2017-18,Regular Season,2018-03-18,0021701046,60,1,06:13,OKC,TOR,203500 Steven Adams,201566 Russell Westbrook,[OKC 20-16] Adams Cutting Dunk Shot: Made (8 PTS) Assist: Westbrook (4 AST),https://www.nba.com/stats/events?GameEventID=60&GameID=0021701046&Season=2017-18&flag=1,https://www.nba.com/stats/events?GameEventID=60&GameID=0021701046&Season=2017-18&flag=1&title=%5BOKC%2020-16%5D%20Adams%20Cutting%20Dunk%20Shot%3A%20Made%20%288%20PTS%29%20Assist%3A%20Westbrook%20%284%20AST%29
2017-18,Regular Season,2018-03-18,0021701046,104,1,02:45,OKC,TOR,203500 Steven Adams,201566 Russell Westbrook,[OKC 31-27] Adams Cutting Dunk Shot: Made (12 PTS) Assist: Westbrook (5 AST),https://www.nba.com/stats/events?GameEventID=104&GameID=0021701046&Season=2017-18&flag=1,https://www.nba.com/stats/events?GameEventID=104&GameID=0021701046&Season=2017-18&flag=1&title=%5BOKC%2031-27%5D%20Adams%20Cutting%20Dunk%20Shot%3A%20Made%20%2812%20PTS%29%20Assist%3A%20Westbrook%20%285%20AST%29
2017-18,Regular Season,2018-03-18,0021701046,435,3,04:32,OKC,TOR,203500 Steven Adams,201566 Russell Westbrook,[OKC 86-83] Adams Cutting Dunk Shot: Made (24 PTS) Assist: Westbrook (12 AST),https://www.nba.com/stats/events?GameEventID=435&GameID=0021701046&Season=2017-18&flag=1,https://www.nba.com/stats/events?GameEventID=435&GameID=0021701046&Season=2017-18&flag=1&title=%5BOKC%2086-83%5D%20Adams%20Cutting%20Dunk%20Shot%3A%20Made%20%2824%20PTS%29%20Assist%3A%20Westbrook%20%2812%20AST%29
2017-18,Regular Season,2018-03-20,0021701059,245,2,06:09,OKC,BOS,203500 Steven Adams,201566 Russell Westbrook,[OKC 34-31] Adams Cutting Dunk Shot: Made (10 PTS) Assist: Westbrook (3 AST),https://www.nba.com/stats/events?GameEventID=245&GameID=0021701059&Season=2017-18&flag=1,https://www.nba.com/stats/events?GameEventID=245&GameID=0021701059&Season=2017-18&flag=1&title=%5BOKC%2034-31%5D%20Adams%20Cutting%20Dunk%20Shot%3A%20Made%20%2810%20PTS%29%20Assist%3A%20Westbrook%20%283%20AST%29
2017-18,Regular Season,2018-03-23,0021701084,249,2,03:54,MIA,OKC,203500 Steven Adams,201566 Russell Westbrook,[OKC 40-31] Adams Dunk Shot: Made (9 PTS) Assist: Westbrook (3 AST),https://www.nba.com/stats/events?GameEventID=249&GameID=0021701084&Season=2017-18&flag=1,https://www.nba.com/stats/events?GameEventID=249&GameID=0021701084&Season=2017-18&flag=1&title=%5BOKC%2040-31%5D%20Adams%20Dunk%20Shot%3A%20Made%20%289%20PTS%29%20Assist%3A%20Westbrook%20%283%20AST%29
2017-18,Regular Season,2018-03-23,0021701084,379,3,05:52,MIA,OKC,203500 Steven Adams,201566 Russell Westbrook,[OKC 54-53] Adams Alley Oop Dunk Shot: Made (15 PTS) Assist: Westbrook (4 AST),https://www.nba.com/stats/events?GameEventID=379&GameID=0021701084&Season=2017-18&flag=1,https://www.nba.com/stats/events?GameEventID=379&GameID=0021701084&Season=2017-18&flag=1&title=%5BOKC%2054-53%5D%20Adams%20Alley%20Oop%20Dunk%20Shot%3A%20Made%20%2815%20PTS%29%20Assist%3A%20Westbrook%20%284%20AST%29
2017-18,Regular Season,2018-03-23,0021701084,406,3,03:55,MIA,OKC,203500 Steven Adams,201566 Russell Westbrook,[OKC 58-56] Adams Alley Oop Dunk Shot: Made (19 PTS) Assist: Westbrook (5 AST),https://www.nba.com/stats/events?GameEventID=406&GameID=0021701084&Season=2017-18&flag=1,https://www.nba.com/stats/events?GameEventID=406&GameID=0021701084&Season=2017-18&flag=1&title=%5BOKC%2058-56%5D%20Adams%20Alley%20Oop%20Dunk%20Shot%3A%20Made%20%2819%20PTS%29%20Assist%3A%20Westbrook%20%285%20AST%29
2017-18,Regular Season,2018-03-23,0021701084,623,4,00:43.1,MIA,OKC,203500 Steven Adams,201566 Russell Westbrook,[OKC 99-95] Adams Cutting Dunk Shot: Made (24 PTS) Assist: Westbrook (8 AST),https://www.nba.com/stats/events?GameEventID=623&GameID=0021701084&Season=2017-18&flag=1,https://www.nba.com/stats/events?GameEventID=623&GameID=0021701084&Season=2017-18&flag=1&title=%5BOKC%2099-95%5D%20Adams%20Cutting%20Dunk%20Shot%3A%20Made%20%2824%20PTS%29%20Assist%3A%20Westbrook%20%288%20AST%29
2017-18,Regular Season,2018-03-25,0021701100,43,1,08:07,POR,OKC,203500 Steven Adams,201566 Russell Westbrook,[OKC 4-14] Adams Alley Oop Dunk Shot: Made (4 PTS) Assist: Westbrook (1 AST),https://www.nba.com/stats/events?GameEventID=43&GameID=0021701100&Season=2017-18&flag=1,https://www.nba.com/stats/events?GameEventID=43&GameID=0021701100&Season=2017-18&flag=1&title=%5BOKC%204-14%5D%20Adams%20Alley%20Oop%20Dunk%20Shot%3A%20Made%20%284%20PTS%29%20Assist%3A%20Westbrook%20%281%20AST%29
2017-18,Regular Season,2018-03-29,0021701126,307,2,02:22,OKC,SAS,203500 Steven Adams,201566 Russell Westbrook,[OKC 51-53] Adams Cutting Dunk Shot: Made (6 PTS) Assist: Westbrook (5 AST),https://www.nba.com/stats/events?GameEventID=307&GameID=0021701126&Season=2017-18&flag=1,https://www.nba.com/stats/events?GameEventID=307&GameID=0021701126&Season=2017-18&flag=1&title=%5BOKC%2051-53%5D%20Adams%20Cutting%20Dunk%20Shot%3A%20Made%20%286%20PTS%29%20Assist%3A%20Westbrook%20%285%20AST%29
2017-18,Regular Season,2018-03-30,0021701133,237,2,05:58,DEN,OKC,203500 Steven Adams,201566 Russell Westbrook,[OKC 42-47] Adams Cutting Dunk Shot: Made (4 PTS) Assist: Westbrook (5 AST),https://www.nba.com/stats/events?GameEventID=237&GameID=0021701133&Season=2017-18&flag=1,https://www.nba.com/stats/events?GameEventID=237&GameID=0021701133&Season=2017-18&flag=1&title=%5BOKC%2042-47%5D%20Adams%20Cutting%20Dunk%20Shot%3A%20Made%20%284%20PTS%29%20Assist%3A%20Westbrook%20%285%20AST%29
2017-18,Regular Season,2018-04-01,0021701150,31,1,09:33,OKC,NOP,203500 Steven Adams,201566 Russell Westbrook,[OKC 2-4] Adams Cutting Dunk Shot: Made (2 PTS) Assist: Westbrook (1 AST),https://www.nba.com/stats/events?GameEventID=31&GameID=0021701150&Season=2017-18&flag=1,https://www.nba.com/stats/events?GameEventID=31&GameID=0021701150&Season=2017-18&flag=1&title=%5BOKC%202-4%5D%20Adams%20Cutting%20Dunk%20Shot%3A%20Made%20%282%20PTS%29%20Assist%3A%20Westbrook%20%281%20AST%29
2017-18,Regular Season,2018-04-01,0021701150,38,1,08:52,OKC,NOP,203500 Steven Adams,201566 Russell Westbrook,[OKC 4-4] Adams Alley Oop Dunk Shot: Made (4 PTS) Assist: Westbrook (2 AST),https://www.nba.com/stats/events?GameEventID=38&GameID=0021701150&Season=2017-18&flag=1,https://www.nba.com/stats/events?GameEventID=38&GameID=0021701150&Season=2017-18&flag=1&title=%5BOKC%204-4%5D%20Adams%20Alley%20Oop%20Dunk%20Shot%3A%20Made%20%284%20PTS%29%20Assist%3A%20Westbrook%20%282%20AST%29
2017-18,Regular Season,2018-04-07,0021701194,83,1,04:38,OKC,HOU,203500 Steven Adams,201566 Russell Westbrook,[OKC 22-19] Adams Cutting Dunk Shot: Made (7 PTS) Assist: Westbrook (3 AST),https://www.nba.com/stats/events?GameEventID=83&GameID=0021701194&Season=2017-18&flag=1,https://www.nba.com/stats/events?GameEventID=83&GameID=0021701194&Season=2017-18&flag=1&title=%5BOKC%2022-19%5D%20Adams%20Cutting%20Dunk%20Shot%3A%20Made%20%287%20PTS%29%20Assist%3A%20Westbrook%20%283%20AST%29
2017-18,Regular Season,2018-04-11,0021701227,54,1,07:40,MEM,OKC,203500 Steven Adams,201566 Russell Westbrook,[OKC 11-15] Adams Cutting Dunk Shot: Made (3 PTS) Assist: Westbrook (2 AST),https://www.nba.com/stats/events?GameEventID=54&GameID=0021701227&Season=2017-18&flag=1,https://www.nba.com/stats/events?GameEventID=54&GameID=0021701227&Season=2017-18&flag=1&title=%5BOKC%2011-15%5D%20Adams%20Cutting%20Dunk%20Shot%3A%20Made%20%283%20PTS%29%20Assist%3A%20Westbrook%20%282%20AST%29
2017-18,Regular Season,2018-04-11,0021701227,116,1,03:08,MEM,OKC,203500 Steven Adams,201566 Russell Westbrook,[OKC 29-23] Adams Cutting Dunk Shot: Made (7 PTS) Assist: Westbrook (6 AST),https://www.nba.com/stats/events?GameEventID=116&GameID=0021701227&Season=2017-18&flag=1,https://www.nba.com/stats/events?GameEventID=116&GameID=0021701227&Season=2017-18&flag=1&title=%5BOKC%2029-23%5D%20Adams%20Cutting%20Dunk%20Shot%3A%20Made%20%287%20PTS%29%20Assist%3A%20Westbrook%20%286%20AST%29
2017-18,Regular Season,2018-04-11,0021701227,369,3,09:48,MEM,OKC,203500 Steven Adams,201566 Russell Westbrook,[OKC 82-61] Adams Cutting Dunk Shot: Made (20 PTS) Assist: Westbrook (14 AST),https://www.nba.com/stats/events?GameEventID=369&GameID=0021701227&Season=2017-18&flag=1,https://www.nba.com/stats/events?GameEventID=369&GameID=0021701227&Season=2017-18&flag=1&title=%5BOKC%2082-61%5D%20Adams%20Cutting%20Dunk%20Shot%3A%20Made%20%2820%20PTS%29%20Assist%3A%20Westbrook%20%2814%20AST%29
2017-18,Playoffs,2018-04-15,0041700171,554,4,04:55,UTA,OKC,203500 Steven Adams,201566 Russell Westbrook,[OKC 102-89] Adams Alley Oop Dunk Shot: Made (6 PTS) Assist: Westbrook (6 AST),https://www.nba.com/stats/events?GameEventID=554&GameID=0041700171&Season=2017-18&flag=1,https://www.nba.com/stats/events?GameEventID=554&GameID=0041700171&Season=2017-18&flag=1&title=%5BOKC%20102-89%5D%20Adams%20Alley%20Oop%20Dunk%20Shot%3A%20Made%20%286%20PTS%29%20Assist%3A%20Westbrook%20%286%20AST%29
2017-18,Playoffs,2018-04-15,0041700171,560,4,04:23,UTA,OKC,203500 Steven Adams,201566 Russell Westbrook,[OKC 104-91] Adams Alley Oop Dunk Shot: Made (8 PTS) Assist: Westbrook (7 AST),https://www.nba.com/stats/events?GameEventID=560&GameID=0041700171&Season=2017-18&flag=1,https://www.nba.com/stats/events?GameEventID=560&GameID=0041700171&Season=2017-18&flag=1&title=%5BOKC%20104-91%5D%20Adams%20Alley%20Oop%20Dunk%20Shot%3A%20Made%20%288%20PTS%29%20Assist%3A%20Westbrook%20%287%20AST%29
2017-18,Playoffs,2018-04-18,0041700172,596,4,04:20,UTA,OKC,203500 Steven Adams,201566 Russell Westbrook,[OKC 89-89] Adams Alley Oop Dunk Shot: Made (7 PTS) Assist: Westbrook (12 AST),https://www.nba.com/stats/events?GameEventID=596&GameID=0041700172&Season=2017-18&flag=1,https://www.nba.com/stats/events?GameEventID=596&GameID=0041700172&Season=2017-18&flag=1&title=%5BOKC%2089-89%5D%20Adams%20Alley%20Oop%20Dunk%20Shot%3A%20Made%20%287%20PTS%29%20Assist%3A%20Westbrook%20%2812%20AST%29
2017-18,Playoffs,2018-04-21,0041700173,92,1,03:09,OKC,UTA,203500 Steven Adams,201566 Russell Westbrook,[OKC 25-20] Adams Cutting Dunk Shot: Made (4 PTS) Assist: Westbrook (4 AST),https://www.nba.com/stats/events?GameEventID=92&GameID=0041700173&Season=2017-18&flag=1,https://www.nba.com/stats/events?GameEventID=92&GameID=0041700173&Season=2017-18&flag=1&title=%5BOKC%2025-20%5D%20Adams%20Cutting%20Dunk%20Shot%3A%20Made%20%284%20PTS%29%20Assist%3A%20Westbrook%20%284%20AST%29
2017-18,Playoffs,2018-04-23,0041700174,15,1,10:37,OKC,UTA,203500 Steven Adams,201566 Russell Westbrook,[OKC 5-0] Adams Running Dunk Shot: Made (2 PTS) Assist: Westbrook (1 AST),https://www.nba.com/stats/events?GameEventID=15&GameID=0041700174&Season=2017-18&flag=1,https://www.nba.com/stats/events?GameEventID=15&GameID=0041700174&Season=2017-18&flag=1&title=%5BOKC%205-0%5D%20Adams%20Running%20Dunk%20Shot%3A%20Made%20%282%20PTS%29%20Assist%3A%20Westbrook%20%281%20AST%29
2017-18,Playoffs,2018-04-23,0041700174,51,1,08:04,OKC,UTA,203500 Steven Adams,201566 Russell Westbrook,[OKC 9-5] Adams Alley Oop Dunk Shot: Made (4 PTS) Assist: Westbrook (2 AST),https://www.nba.com/stats/events?GameEventID=51&GameID=0041700174&Season=2017-18&flag=1,https://www.nba.com/stats/events?GameEventID=51&GameID=0041700174&Season=2017-18&flag=1&title=%5BOKC%209-5%5D%20Adams%20Alley%20Oop%20Dunk%20Shot%3A%20Made%20%284%20PTS%29%20Assist%3A%20Westbrook%20%282%20AST%29
2017-18,Playoffs,2018-04-25,0041700175,66,1,06:40,UTA,OKC,203500 Steven Adams,201566 Russell Westbrook,[OKC 9-6] Adams Alley Oop Dunk Shot: Made (2 PTS) Assist: Westbrook (1 AST),https://www.nba.com/stats/events?GameEventID=66&GameID=0041700175&Season=2017-18&flag=1,https://www.nba.com/stats/events?GameEventID=66&GameID=0041700175&Season=2017-18&flag=1&title=%5BOKC%209-6%5D%20Adams%20Alley%20Oop%20Dunk%20Shot%3A%20Made%20%282%20PTS%29%20Assist%3A%20Westbrook%20%281%20AST%29
2017-18,Playoffs,2018-04-25,0041700175,559,4,07:52,UTA,OKC,203500 Steven Adams,201566 Russell Westbrook,[OKC 90-87] Adams Alley Oop Dunk Shot: Made (6 PTS) Assist: Westbrook (6 AST),https://www.nba.com/stats/events?GameEventID=559&GameID=0041700175&Season=2017-18&flag=1,https://www.nba.com/stats/events?GameEventID=559&GameID=0041700175&Season=2017-18&flag=1&title=%5BOKC%2090-87%5D%20Adams%20Alley%20Oop%20Dunk%20Shot%3A%20Made%20%286%20PTS%29%20Assist%3A%20Westbrook%20%286%20AST%29
2017-18,Playoffs,2018-04-27,0041700176,20,1,10:28,OKC,UTA,203500 Steven Adams,201566 Russell Westbrook,[OKC 2-3] Adams Cutting Dunk Shot: Made (2 PTS) Assist: Westbrook (1 AST),https://www.nba.com/stats/events?GameEventID=20&GameID=0041700176&Season=2017-18&flag=1,https://www.nba.com/stats/events?GameEventID=20&GameID=0041700176&Season=2017-18&flag=1&title=%5BOKC%202-3%5D%20Adams%20Cutting%20Dunk%20Shot%3A%20Made%20%282%20PTS%29%20Assist%3A%20Westbrook%20%281%20AST%29
2017-18,Playoffs,2018-04-27,0041700176,282,2,03:33,OKC,UTA,203500 Steven Adams,201566 Russell Westbrook,[OKC 37-28] Adams Alley Oop Dunk Shot: Made (9 PTS) Assist: Westbrook (3 AST),https://www.nba.com/stats/events?GameEventID=282&GameID=0041700176&Season=2017-18&flag=1,https://www.nba.com/stats/events?GameEventID=282&GameID=0041700176&Season=2017-18&flag=1&title=%5BOKC%2037-28%5D%20Adams%20Alley%20Oop%20Dunk%20Shot%3A%20Made%20%289%20PTS%29%20Assist%3A%20Westbrook%20%283%20AST%29
2017-18,Playoffs,2018-04-27,0041700176,601,4,04:17,OKC,UTA,203500 Steven Adams,201566 Russell Westbrook,[OKC 83-90] Adams Alley Oop Dunk Shot: Made (17 PTS) Assist: Westbrook (4 AST),https://www.nba.com/stats/events?GameEventID=601&GameID=0041700176&Season=2017-18&flag=1,https://www.nba.com/stats/events?GameEventID=601&GameID=0041700176&Season=2017-18&flag=1&title=%5BOKC%2083-90%5D%20Adams%20Alley%20Oop%20Dunk%20Shot%3A%20Made%20%2817%20PTS%29%20Assist%3A%20Westbrook%20%284%20AST%29
2018-19,Regular Season,2018-10-21,0021800037,101,1,05:28,SAC,OKC,203500 Steven Adams,201566 Russell Westbrook,[OKC 21-23] Adams Alley Oop Dunk Shot: Made (4 PTS) Assist: Westbrook (3 AST),https://www.nba.com/stats/events?GameEventID=101&GameID=0021800037&Season=2018-19&flag=1,https://www.nba.com/stats/events?GameEventID=101&GameID=0021800037&Season=2018-19&flag=1&title=%5BOKC%2021-23%5D%20Adams%20Alley%20Oop%20Dunk%20Shot%3A%20Made%20%284%20PTS%29%20Assist%3A%20Westbrook%20%283%20AST%29
2018-19,Regular Season,2018-10-21,0021800037,111,1,04:53,SAC,OKC,203500 Steven Adams,201566 Russell Westbrook,[OKC 23-23] Adams Alley Oop Dunk Shot: Made (6 PTS) Assist: Westbrook (4 AST),https://www.nba.com/stats/events?GameEventID=111&GameID=0021800037&Season=2018-19&flag=1,https://www.nba.com/stats/events?GameEventID=111&GameID=0021800037&Season=2018-19&flag=1&title=%5BOKC%2023-23%5D%20Adams%20Alley%20Oop%20Dunk%20Shot%3A%20Made%20%286%20PTS%29%20Assist%3A%20Westbrook%20%284%20AST%29
2018-19,Regular Season,2018-10-25,0021800065,24,1,09:42,BOS,OKC,203500 Steven Adams,201566 Russell Westbrook,[OKC 9-2] Adams Running Dunk Shot: Made (4 PTS) Assist: Westbrook (1 AST),https://www.nba.com/stats/events?GameEventID=24&GameID=0021800065&Season=2018-19&flag=1,https://www.nba.com/stats/events?GameEventID=24&GameID=0021800065&Season=2018-19&flag=1&title=%5BOKC%209-2%5D%20Adams%20Running%20Dunk%20Shot%3A%20Made%20%284%20PTS%29%20Assist%3A%20Westbrook%20%281%20AST%29
2018-19,Regular Season,2018-10-25,0021800065,270,2,05:11,BOS,OKC,203500 Steven Adams,201566 Russell Westbrook,[OKC 41-27] Adams Alley Oop Dunk Shot: Made (6 PTS) Assist: Westbrook (3 AST),https://www.nba.com/stats/events?GameEventID=270&GameID=0021800065&Season=2018-19&flag=1,https://www.nba.com/stats/events?GameEventID=270&GameID=0021800065&Season=2018-19&flag=1&title=%5BOKC%2041-27%5D%20Adams%20Alley%20Oop%20Dunk%20Shot%3A%20Made%20%286%20PTS%29%20Assist%3A%20Westbrook%20%283%20AST%29
2018-19,Regular Season,2018-10-30,0021800103,395,3,09:22,LAC,OKC,203500 Steven Adams,201566 Russell Westbrook,[OKC 62-69] Adams Alley Oop Dunk Shot: Made (6 PTS) Assist: Westbrook (3 AST),https://www.nba.com/stats/events?GameEventID=395&GameID=0021800103&Season=2018-19&flag=1,https://www.nba.com/stats/events?GameEventID=395&GameID=0021800103&Season=2018-19&flag=1&title=%5BOKC%2062-69%5D%20Adams%20Alley%20Oop%20Dunk%20Shot%3A%20Made%20%286%20PTS%29%20Assist%3A%20Westbrook%20%283%20AST%29
2018-19,Regular Season,2018-10-30,0021800103,590,4,08:38,LAC,OKC,203500 Steven Adams,201566 Russell Westbrook,[OKC 102-87] Adams Cutting Dunk Shot: Made (12 PTS) Assist: Westbrook (6 AST),https://www.nba.com/stats/events?GameEventID=590&GameID=0021800103&Season=2018-19&flag=1,https://www.nba.com/stats/events?GameEventID=590&GameID=0021800103&Season=2018-19&flag=1&title=%5BOKC%20102-87%5D%20Adams%20Cutting%20Dunk%20Shot%3A%20Made%20%2812%20PTS%29%20Assist%3A%20Westbrook%20%286%20AST%29
2018-19,Regular Season,2018-10-30,0021800103,599,4,08:12,LAC,OKC,203500 Steven Adams,201566 Russell Westbrook,[OKC 104-87] Adams Cutting Dunk Shot: Made (14 PTS) Assist: Westbrook (7 AST),https://www.nba.com/stats/events?GameEventID=599&GameID=0021800103&Season=2018-19&flag=1,https://www.nba.com/stats/events?GameEventID=599&GameID=0021800103&Season=2018-19&flag=1&title=%5BOKC%20104-87%5D%20Adams%20Cutting%20Dunk%20Shot%3A%20Made%20%2814%20PTS%29%20Assist%3A%20Westbrook%20%287%20AST%29
2018-19,Regular Season,2018-11-02,0021800119,70,1,06:22,OKC,WAS,203500 Steven Adams,201566 Russell Westbrook,[OKC 20-23] Adams Dunk Shot: Made (6 PTS) Assist: Westbrook (5 AST),https://www.nba.com/stats/events?GameEventID=70&GameID=0021800119&Season=2018-19&flag=1,https://www.nba.com/stats/events?GameEventID=70&GameID=0021800119&Season=2018-19&flag=1&title=%5BOKC%2020-23%5D%20Adams%20Dunk%20Shot%3A%20Made%20%286%20PTS%29%20Assist%3A%20Westbrook%20%285%20AST%29
2018-19,Regular Season,2018-11-05,0021800144,31,1,09:43,NOP,OKC,203500 Steven Adams,201566 Russell Westbrook,[OKC 8-5] Adams Cutting Dunk Shot: Made (6 PTS) Assist: Westbrook (3 AST),https://www.nba.com/stats/events?GameEventID=31&GameID=0021800144&Season=2018-19&flag=1,https://www.nba.com/stats/events?GameEventID=31&GameID=0021800144&Season=2018-19&flag=1&title=%5BOKC%208-5%5D%20Adams%20Cutting%20Dunk%20Shot%3A%20Made%20%286%20PTS%29%20Assist%3A%20Westbrook%20%283%20AST%29
2018-19,Regular Season,2018-11-19,0021800247,54,1,07:55,OKC,SAC,203500 Steven Adams,201566 Russell Westbrook,[OKC 7-16] Adams Alley Oop Dunk Shot: Made (2 PTS) Assist: Westbrook (2 AST),https://www.nba.com/stats/events?GameEventID=54&GameID=0021800247&Season=2018-19&flag=1,https://www.nba.com/stats/events?GameEventID=54&GameID=0021800247&Season=2018-19&flag=1&title=%5BOKC%207-16%5D%20Adams%20Alley%20Oop%20Dunk%20Shot%3A%20Made%20%282%20PTS%29%20Assist%3A%20Westbrook%20%282%20AST%29
2018-19,Regular Season,2018-11-21,0021800264,607,4,05:30,OKC,GSW,203500 Steven Adams,201566 Russell Westbrook,[OKC 105-87] Adams Alley Oop Dunk Shot: Made (20 PTS) Assist: Westbrook (11 AST),https://www.nba.com/stats/events?GameEventID=607&GameID=0021800264&Season=2018-19&flag=1,https://www.nba.com/stats/events?GameEventID=607&GameID=0021800264&Season=2018-19&flag=1&title=%5BOKC%20105-87%5D%20Adams%20Alley%20Oop%20Dunk%20Shot%3A%20Made%20%2820%20PTS%29%20Assist%3A%20Westbrook%20%2811%20AST%29
2018-19,Regular Season,2018-11-24,0021800282,667,4,04:13,DEN,OKC,203500 Steven Adams,201566 Russell Westbrook,[OKC 84-94] Adams Alley Oop Dunk Shot: Made (10 PTS) Assist: Westbrook (9 AST),https://www.nba.com/stats/events?GameEventID=667&GameID=0021800282&Season=2018-19&flag=1,https://www.nba.com/stats/events?GameEventID=667&GameID=0021800282&Season=2018-19&flag=1&title=%5BOKC%2084-94%5D%20Adams%20Alley%20Oop%20Dunk%20Shot%3A%20Made%20%2810%20PTS%29%20Assist%3A%20Westbrook%20%289%20AST%29
2018-19,Regular Season,2018-11-28,0021800313,282,2,02:59,CLE,OKC,203500 Steven Adams,201566 Russell Westbrook,[OKC 42-42] Adams Cutting Dunk Shot: Made (6 PTS) Assist: Westbrook (5 AST),https://www.nba.com/stats/events?GameEventID=282&GameID=0021800313&Season=2018-19&flag=1,https://www.nba.com/stats/events?GameEventID=282&GameID=0021800313&Season=2018-19&flag=1&title=%5BOKC%2042-42%5D%20Adams%20Cutting%20Dunk%20Shot%3A%20Made%20%286%20PTS%29%20Assist%3A%20Westbrook%20%285%20AST%29
2018-19,Regular Season,2018-12-05,0021800358,24,1,10:00,OKC,BKN,203500 Steven Adams,201566 Russell Westbrook,[OKC 8-5] Adams Cutting Dunk Shot: Made (2 PTS) Assist: Westbrook (2 AST),https://www.nba.com/stats/events?GameEventID=24&GameID=0021800358&Season=2018-19&flag=1,https://www.nba.com/stats/events?GameEventID=24&GameID=0021800358&Season=2018-19&flag=1&title=%5BOKC%208-5%5D%20Adams%20Cutting%20Dunk%20Shot%3A%20Made%20%282%20PTS%29%20Assist%3A%20Westbrook%20%282%20AST%29
2018-19,Regular Season,2018-12-07,0021800373,62,1,07:55,OKC,CHI,203500 Steven Adams,201566 Russell Westbrook,[OKC 12-11] Adams Dunk Shot: Made (12 PTS) Assist: Westbrook (3 AST),https://www.nba.com/stats/events?GameEventID=62&GameID=0021800373&Season=2018-19&flag=1,https://www.nba.com/stats/events?GameEventID=62&GameID=0021800373&Season=2018-19&flag=1&title=%5BOKC%2012-11%5D%20Adams%20Dunk%20Shot%3A%20Made%20%2812%20PTS%29%20Assist%3A%20Westbrook%20%283%20AST%29
2018-19,Regular Season,2018-12-07,0021800373,317,2,02:40,OKC,CHI,203500 Steven Adams,201566 Russell Westbrook,[OKC 55-63] Adams Alley Oop Dunk Shot: Made (17 PTS) Assist: Westbrook (8 AST),https://www.nba.com/stats/events?GameEventID=317&GameID=0021800373&Season=2018-19&flag=1,https://www.nba.com/stats/events?GameEventID=317&GameID=0021800373&Season=2018-19&flag=1&title=%5BOKC%2055-63%5D%20Adams%20Alley%20Oop%20Dunk%20Shot%3A%20Made%20%2817%20PTS%29%20Assist%3A%20Westbrook%20%288%20AST%29
2018-19,Regular Season,2018-12-10,0021800396,518,3,01:34,UTA,OKC,203500 Steven Adams,201566 Russell Westbrook,[OKC 97-71] Adams Cutting Dunk Shot: Made (21 PTS) Assist: Westbrook (9 AST),https://www.nba.com/stats/events?GameEventID=518&GameID=0021800396&Season=2018-19&flag=1,https://www.nba.com/stats/events?GameEventID=518&GameID=0021800396&Season=2018-19&flag=1&title=%5BOKC%2097-71%5D%20Adams%20Cutting%20Dunk%20Shot%3A%20Made%20%2821%20PTS%29%20Assist%3A%20Westbrook%20%289%20AST%29
2018-19,Regular Season,2018-12-12,0021800411,267,2,05:57,OKC,NOP,203500 Steven Adams,201566 Russell Westbrook,[OKC 42-41] Adams Cutting Dunk Shot: Made (10 PTS) Assist: Westbrook (4 AST),https://www.nba.com/stats/events?GameEventID=267&GameID=0021800411&Season=2018-19&flag=1,https://www.nba.com/stats/events?GameEventID=267&GameID=0021800411&Season=2018-19&flag=1&title=%5BOKC%2042-41%5D%20Adams%20Cutting%20Dunk%20Shot%3A%20Made%20%2810%20PTS%29%20Assist%3A%20Westbrook%20%284%20AST%29
2018-19,Regular Season,2018-12-14,0021800426,13,1,11:25,OKC,DEN,203500 Steven Adams,201566 Russell Westbrook,[OKC 2-2] Adams Cutting Dunk Shot: Made (2 PTS) Assist: Westbrook (1 AST),https://www.nba.com/stats/events?GameEventID=13&GameID=0021800426&Season=2018-19&flag=1,https://www.nba.com/stats/events?GameEventID=13&GameID=0021800426&Season=2018-19&flag=1&title=%5BOKC%202-2%5D%20Adams%20Cutting%20Dunk%20Shot%3A%20Made%20%282%20PTS%29%20Assist%3A%20Westbrook%20%281%20AST%29
2018-19,Regular Season,2018-12-15,0021800434,363,3,10:27,LAC,OKC,203500 Steven Adams,201566 Russell Westbrook,[OKC 65-52] Adams Alley Oop Dunk Shot: Made (11 PTS) Assist: Westbrook (8 AST),https://www.nba.com/stats/events?GameEventID=363&GameID=0021800434&Season=2018-19&flag=1,https://www.nba.com/stats/events?GameEventID=363&GameID=0021800434&Season=2018-19&flag=1&title=%5BOKC%2065-52%5D%20Adams%20Alley%20Oop%20Dunk%20Shot%3A%20Made%20%2811%20PTS%29%20Assist%3A%20Westbrook%20%288%20AST%29
2018-19,Regular Season,2018-12-17,0021800447,415,3,06:52,CHI,OKC,203500 Steven Adams,201566 Russell Westbrook,[OKC 76-54] Adams Cutting Dunk Shot: Made (15 PTS) Assist: Westbrook (8 AST),https://www.nba.com/stats/events?GameEventID=415&GameID=0021800447&Season=2018-19&flag=1,https://www.nba.com/stats/events?GameEventID=415&GameID=0021800447&Season=2018-19&flag=1&title=%5BOKC%2076-54%5D%20Adams%20Cutting%20Dunk%20Shot%3A%20Made%20%2815%20PTS%29%20Assist%3A%20Westbrook%20%288%20AST%29
2018-19,Regular Season,2018-12-17,0021800447,432,3,06:01,CHI,OKC,203500 Steven Adams,201566 Russell Westbrook,[OKC 78-57] Adams Cutting Dunk Shot: Made (17 PTS) Assist: Westbrook (9 AST),https://www.nba.com/stats/events?GameEventID=432&GameID=0021800447&Season=2018-19&flag=1,https://www.nba.com/stats/events?GameEventID=432&GameID=0021800447&Season=2018-19&flag=1&title=%5BOKC%2078-57%5D%20Adams%20Cutting%20Dunk%20Shot%3A%20Made%20%2817%20PTS%29%20Assist%3A%20Westbrook%20%289%20AST%29
2018-19,Regular Season,2018-12-19,0021800466,334,2,02:37,OKC,SAC,203500 Steven Adams,201566 Russell Westbrook,[OKC 65-47] Adams Alley Oop Dunk Shot: Made (12 PTS) Assist: Westbrook (4 AST),https://www.nba.com/stats/events?GameEventID=334&GameID=0021800466&Season=2018-19&flag=1,https://www.nba.com/stats/events?GameEventID=334&GameID=0021800466&Season=2018-19&flag=1&title=%5BOKC%2065-47%5D%20Adams%20Alley%20Oop%20Dunk%20Shot%3A%20Made%20%2812%20PTS%29%20Assist%3A%20Westbrook%20%284%20AST%29
2018-19,Regular Season,2018-12-19,0021800466,421,3,08:07,OKC,SAC,203500 Steven Adams,201566 Russell Westbrook,[OKC 82-59] Adams Cutting Dunk Shot: Made (18 PTS) Assist: Westbrook (7 AST),https://www.nba.com/stats/events?GameEventID=421&GameID=0021800466&Season=2018-19&flag=1,https://www.nba.com/stats/events?GameEventID=421&GameID=0021800466&Season=2018-19&flag=1&title=%5BOKC%2082-59%5D%20Adams%20Cutting%20Dunk%20Shot%3A%20Made%20%2818%20PTS%29%20Assist%3A%20Westbrook%20%287%20AST%29
2018-19,Regular Season,2018-12-19,0021800466,650,4,06:03,OKC,SAC,203500 Steven Adams,201566 Russell Westbrook,[OKC 119-99] Adams Alley Oop Dunk Shot: Made (20 PTS) Assist: Westbrook (12 AST),https://www.nba.com/stats/events?GameEventID=650&GameID=0021800466&Season=2018-19&flag=1,https://www.nba.com/stats/events?GameEventID=650&GameID=0021800466&Season=2018-19&flag=1&title=%5BOKC%20119-99%5D%20Adams%20Alley%20Oop%20Dunk%20Shot%3A%20Made%20%2820%20PTS%29%20Assist%3A%20Westbrook%20%2812%20AST%29
2018-19,Regular Season,2018-12-23,0021800493,381,3,07:39,MIN,OKC,203500 Steven Adams,201566 Russell Westbrook,[OKC 74-62] Adams Cutting Dunk Shot: Made (10 PTS) Assist: Westbrook (7 AST),https://www.nba.com/stats/events?GameEventID=381&GameID=0021800493&Season=2018-19&flag=1,https://www.nba.com/stats/events?GameEventID=381&GameID=0021800493&Season=2018-19&flag=1&title=%5BOKC%2074-62%5D%20Adams%20Cutting%20Dunk%20Shot%3A%20Made%20%2810%20PTS%29%20Assist%3A%20Westbrook%20%287%20AST%29
2018-19,Regular Season,2018-12-28,0021800525,64,1,06:49,OKC,PHX,203500 Steven Adams,201566 Russell Westbrook,[OKC 14-14] Adams Alley Oop Dunk Shot: Made (2 PTS) Assist: Westbrook (2 AST),https://www.nba.com/stats/events?GameEventID=64&GameID=0021800525&Season=2018-19&flag=1,https://www.nba.com/stats/events?GameEventID=64&GameID=0021800525&Season=2018-19&flag=1&title=%5BOKC%2014-14%5D%20Adams%20Alley%20Oop%20Dunk%20Shot%3A%20Made%20%282%20PTS%29%20Assist%3A%20Westbrook%20%282%20AST%29
2018-19,Regular Season,2019-01-02,0021800562,316,2,04:29,OKC,LAL,203500 Steven Adams,201566 Russell Westbrook,[OKC 45-44] Adams Dunk Shot: Made (11 PTS) Assist: Westbrook (5 AST),https://www.nba.com/stats/events?GameEventID=316&GameID=0021800562&Season=2018-19&flag=1,https://www.nba.com/stats/events?GameEventID=316&GameID=0021800562&Season=2018-19&flag=1&title=%5BOKC%2045-44%5D%20Adams%20Dunk%20Shot%3A%20Made%20%2811%20PTS%29%20Assist%3A%20Westbrook%20%285%20AST%29
2018-19,Regular Season,2019-01-04,0021800575,589,4,04:39,OKC,POR,203500 Steven Adams,201566 Russell Westbrook,[OKC 105-97] Adams Cutting Dunk Shot: Made (6 PTS) Assist: Westbrook (7 AST),https://www.nba.com/stats/events?GameEventID=589&GameID=0021800575&Season=2018-19&flag=1,https://www.nba.com/stats/events?GameEventID=589&GameID=0021800575&Season=2018-19&flag=1&title=%5BOKC%20105-97%5D%20Adams%20Cutting%20Dunk%20Shot%3A%20Made%20%286%20PTS%29%20Assist%3A%20Westbrook%20%287%20AST%29
2018-19,Regular Season,2019-01-06,0021800588,7,1,11:43,WAS,OKC,203500 Steven Adams,201566 Russell Westbrook,[OKC 2-0] Adams Cutting Dunk Shot: Made (2 PTS) Assist: Westbrook (1 AST),https://www.nba.com/stats/events?GameEventID=7&GameID=0021800588&Season=2018-19&flag=1,https://www.nba.com/stats/events?GameEventID=7&GameID=0021800588&Season=2018-19&flag=1&title=%5BOKC%202-0%5D%20Adams%20Cutting%20Dunk%20Shot%3A%20Made%20%282%20PTS%29%20Assist%3A%20Westbrook%20%281%20AST%29
2018-19,Regular Season,2019-01-06,0021800588,11,1,11:18,WAS,OKC,203500 Steven Adams,201566 Russell Westbrook,[OKC 4-0] Adams Alley Oop Dunk Shot: Made (4 PTS) Assist: Westbrook (2 AST),https://www.nba.com/stats/events?GameEventID=11&GameID=0021800588&Season=2018-19&flag=1,https://www.nba.com/stats/events?GameEventID=11&GameID=0021800588&Season=2018-19&flag=1&title=%5BOKC%204-0%5D%20Adams%20Alley%20Oop%20Dunk%20Shot%3A%20Made%20%284%20PTS%29%20Assist%3A%20Westbrook%20%282%20AST%29
2018-19,Regular Season,2019-01-08,0021800603,399,3,07:36,MIN,OKC,203500 Steven Adams,201566 Russell Westbrook,[OKC 73-72] Adams Cutting Dunk Shot: Made (15 PTS) Assist: Westbrook (10 AST),https://www.nba.com/stats/events?GameEventID=399&GameID=0021800603&Season=2018-19&flag=1,https://www.nba.com/stats/events?GameEventID=399&GameID=0021800603&Season=2018-19&flag=1&title=%5BOKC%2073-72%5D%20Adams%20Cutting%20Dunk%20Shot%3A%20Made%20%2815%20PTS%29%20Assist%3A%20Westbrook%20%2810%20AST%29
2018-19,Regular Season,2019-01-08,0021800603,612,4,05:50,MIN,OKC,203500 Steven Adams,201566 Russell Westbrook,[OKC 101-106] Adams Cutting Dunk Shot: Made (17 PTS) Assist: Westbrook (14 AST),https://www.nba.com/stats/events?GameEventID=612&GameID=0021800603&Season=2018-19&flag=1,https://www.nba.com/stats/events?GameEventID=612&GameID=0021800603&Season=2018-19&flag=1&title=%5BOKC%20101-106%5D%20Adams%20Cutting%20Dunk%20Shot%3A%20Made%20%2817%20PTS%29%20Assist%3A%20Westbrook%20%2814%20AST%29
2018-19,Regular Season,2019-01-08,0021800603,628,4,04:51,MIN,OKC,203500 Steven Adams,201566 Russell Westbrook,[OKC 105-106] Adams Cutting Dunk Shot: Made (19 PTS) Assist: Westbrook (15 AST),https://www.nba.com/stats/events?GameEventID=628&GameID=0021800603&Season=2018-19&flag=1,https://www.nba.com/stats/events?GameEventID=628&GameID=0021800603&Season=2018-19&flag=1&title=%5BOKC%20105-106%5D%20Adams%20Cutting%20Dunk%20Shot%3A%20Made%20%2819%20PTS%29%20Assist%3A%20Westbrook%20%2815%20AST%29
2018-19,Regular Season,2019-01-10,0021800619,540,4,09:08,OKC,SAS,203500 Steven Adams,201566 Russell Westbrook,[OKC 104-110] Adams Cutting Dunk Shot: Made (12 PTS) Assist: Westbrook (14 AST),https://www.nba.com/stats/events?GameEventID=540&GameID=0021800619&Season=2018-19&flag=1,https://www.nba.com/stats/events?GameEventID=540&GameID=0021800619&Season=2018-19&flag=1&title=%5BOKC%20104-110%5D%20Adams%20Cutting%20Dunk%20Shot%3A%20Made%20%2812%20PTS%29%20Assist%3A%20Westbrook%20%2814%20AST%29
2018-19,Regular Season,2019-01-10,0021800619,715,5,00:25.5,OKC,SAS,203500 Steven Adams,201566 Russell Westbrook,[OKC 141-141] Adams Dunk Shot: Made (18 PTS) Assist: Westbrook (24 AST),https://www.nba.com/stats/events?GameEventID=715&GameID=0021800619&Season=2018-19&flag=1,https://www.nba.com/stats/events?GameEventID=715&GameID=0021800619&Season=2018-19&flag=1&title=%5BOKC%20141-141%5D%20Adams%20Dunk%20Shot%3A%20Made%20%2818%20PTS%29%20Assist%3A%20Westbrook%20%2824%20AST%29
2018-19,Regular Season,2019-01-15,0021800653,85,1,05:54,OKC,ATL,203500 Steven Adams,201566 Russell Westbrook,[OKC 15-13] Adams Alley Oop Dunk Shot: Made (6 PTS) Assist: Westbrook (3 AST),https://www.nba.com/stats/events?GameEventID=85&GameID=0021800653&Season=2018-19&flag=1,https://www.nba.com/stats/events?GameEventID=85&GameID=0021800653&Season=2018-19&flag=1&title=%5BOKC%2015-13%5D%20Adams%20Alley%20Oop%20Dunk%20Shot%3A%20Made%20%286%20PTS%29%20Assist%3A%20Westbrook%20%283%20AST%29
2018-19,Regular Season,2019-01-17,0021800670,28,1,09:59,LAL,OKC,203500 Steven Adams,201566 Russell Westbrook,[OKC 8-4] Adams Running Alley Oop Dunk Shot: Made (6 PTS) Assist: Westbrook (2 AST),https://www.nba.com/stats/events?GameEventID=28&GameID=0021800670&Season=2018-19&flag=1,https://www.nba.com/stats/events?GameEventID=28&GameID=0021800670&Season=2018-19&flag=1&title=%5BOKC%208-4%5D%20Adams%20Running%20Alley%20Oop%20Dunk%20Shot%3A%20Made%20%286%20PTS%29%20Assist%3A%20Westbrook%20%282%20AST%29
2018-19,Regular Season,2019-01-24,0021800717,54,1,07:26,NOP,OKC,203500 Steven Adams,201566 Russell Westbrook,[OKC 18-12] Adams Alley Oop Dunk Shot: Made (4 PTS) Assist: Westbrook (5 AST),https://www.nba.com/stats/events?GameEventID=54&GameID=0021800717&Season=2018-19&flag=1,https://www.nba.com/stats/events?GameEventID=54&GameID=0021800717&Season=2018-19&flag=1&title=%5BOKC%2018-12%5D%20Adams%20Alley%20Oop%20Dunk%20Shot%3A%20Made%20%284%20PTS%29%20Assist%3A%20Westbrook%20%285%20AST%29
2018-19,Regular Season,2019-01-24,0021800717,255,2,05:58,NOP,OKC,203500 Steven Adams,201566 Russell Westbrook,[OKC 44-41] Adams Alley Oop Dunk Shot: Made (12 PTS) Assist: Westbrook (7 AST),https://www.nba.com/stats/events?GameEventID=255&GameID=0021800717&Season=2018-19&flag=1,https://www.nba.com/stats/events?GameEventID=255&GameID=0021800717&Season=2018-19&flag=1&title=%5BOKC%2044-41%5D%20Adams%20Alley%20Oop%20Dunk%20Shot%3A%20Made%20%2812%20PTS%29%20Assist%3A%20Westbrook%20%287%20AST%29
2018-19,Regular Season,2019-01-24,0021800717,293,2,03:06,NOP,OKC,203500 Steven Adams,201566 Russell Westbrook,[OKC 57-45] Adams Running Dunk Shot: Made (14 PTS) Assist: Westbrook (9 AST),https://www.nba.com/stats/events?GameEventID=293&GameID=0021800717&Season=2018-19&flag=1,https://www.nba.com/stats/events?GameEventID=293&GameID=0021800717&Season=2018-19&flag=1&title=%5BOKC%2057-45%5D%20Adams%20Running%20Dunk%20Shot%3A%20Made%20%2814%20PTS%29%20Assist%3A%20Westbrook%20%289%20AST%29
2018-19,Regular Season,2019-01-24,0021800717,306,2,01:58,NOP,OKC,203500 Steven Adams,201566 Russell Westbrook,[OKC 61-47] Adams Cutting Dunk Shot: Made (18 PTS) Assist: Westbrook (10 AST),https://www.nba.com/stats/events?GameEventID=306&GameID=0021800717&Season=2018-19&flag=1,https://www.nba.com/stats/events?GameEventID=306&GameID=0021800717&Season=2018-19&flag=1&title=%5BOKC%2061-47%5D%20Adams%20Cutting%20Dunk%20Shot%3A%20Made%20%2818%20PTS%29%20Assist%3A%20Westbrook%20%2810%20AST%29
2018-19,Regular Season,2019-02-01,0021800772,8,1,11:37,OKC,MIA,203500 Steven Adams,201566 Russell Westbrook,[OKC 2-0] Adams Alley Oop Dunk Shot: Made (2 PTS) Assist: Westbrook (1 AST),https://www.nba.com/stats/events?GameEventID=8&GameID=0021800772&Season=2018-19&flag=1,https://www.nba.com/stats/events?GameEventID=8&GameID=0021800772&Season=2018-19&flag=1&title=%5BOKC%202-0%5D%20Adams%20Alley%20Oop%20Dunk%20Shot%3A%20Made%20%282%20PTS%29%20Assist%3A%20Westbrook%20%281%20AST%29
2018-19,Regular Season,2019-02-03,0021800788,354,3,07:53,OKC,BOS,203500 Steven Adams,201566 Russell Westbrook,[OKC 76-73] Adams Alley Oop Dunk Shot: Made (13 PTS) Assist: Westbrook (11 AST),https://www.nba.com/stats/events?GameEventID=354&GameID=0021800788&Season=2018-19&flag=1,https://www.nba.com/stats/events?GameEventID=354&GameID=0021800788&Season=2018-19&flag=1&title=%5BOKC%2076-73%5D%20Adams%20Alley%20Oop%20Dunk%20Shot%3A%20Made%20%2813%20PTS%29%20Assist%3A%20Westbrook%20%2811%20AST%29
2018-19,Regular Season,2019-02-05,0021800802,492,3,02:34,ORL,OKC,203500 Steven Adams,201566 Russell Westbrook,[OKC 92-89] Adams Running Dunk Shot: Made (10 PTS) Assist: Westbrook (13 AST),https://www.nba.com/stats/events?GameEventID=492&GameID=0021800802&Season=2018-19&flag=1,https://www.nba.com/stats/events?GameEventID=492&GameID=0021800802&Season=2018-19&flag=1&title=%5BOKC%2092-89%5D%20Adams%20Running%20Dunk%20Shot%3A%20Made%20%2810%20PTS%29%20Assist%3A%20Westbrook%20%2813%20AST%29
2018-19,Regular Season,2019-02-05,0021800802,651,4,04:16,ORL,OKC,203500 Steven Adams,201566 Russell Westbrook,[OKC 115-108] Adams Alley Oop Dunk Shot: Made (12 PTS) Assist: Westbrook (14 AST),https://www.nba.com/stats/events?GameEventID=651&GameID=0021800802&Season=2018-19&flag=1,https://www.nba.com/stats/events?GameEventID=651&GameID=0021800802&Season=2018-19&flag=1&title=%5BOKC%20115-108%5D%20Adams%20Alley%20Oop%20Dunk%20Shot%3A%20Made%20%2812%20PTS%29%20Assist%3A%20Westbrook%20%2814%20AST%29
2018-19,Regular Season,2019-02-14,0021800866,584,4,05:21,OKC,NOP,203500 Steven Adams,201566 Russell Westbrook,[OKC 111-117] Adams Alley Oop Dunk Shot: Made (4 PTS) Assist: Westbrook (11 AST),https://www.nba.com/stats/events?GameEventID=584&GameID=0021800866&Season=2018-19&flag=1,https://www.nba.com/stats/events?GameEventID=584&GameID=0021800866&Season=2018-19&flag=1&title=%5BOKC%20111-117%5D%20Adams%20Alley%20Oop%20Dunk%20Shot%3A%20Made%20%284%20PTS%29%20Assist%3A%20Westbrook%20%2811%20AST%29
2018-19,Regular Season,2019-02-23,0021800890,42,1,08:35,SAC,OKC,203500 Steven Adams,201566 Russell Westbrook,[OKC 6-9] Adams Alley Oop Dunk Shot: Made (2 PTS) Assist: Westbrook (1 AST),https://www.nba.com/stats/events?GameEventID=42&GameID=0021800890&Season=2018-19&flag=1,https://www.nba.com/stats/events?GameEventID=42&GameID=0021800890&Season=2018-19&flag=1&title=%5BOKC%206-9%5D%20Adams%20Alley%20Oop%20Dunk%20Shot%3A%20Made%20%282%20PTS%29%20Assist%3A%20Westbrook%20%281%20AST%29
2018-19,Regular Season,2019-03-02,0021800940,383,3,11:09,OKC,SAS,203500 Steven Adams,201566 Russell Westbrook,[OKC 65-72] Adams Dunk Shot: Made (11 PTS) Assist: Westbrook (4 AST),https://www.nba.com/stats/events?GameEventID=383&GameID=0021800940&Season=2018-19&flag=1,https://www.nba.com/stats/events?GameEventID=383&GameID=0021800940&Season=2018-19&flag=1&title=%5BOKC%2065-72%5D%20Adams%20Dunk%20Shot%3A%20Made%20%2811%20PTS%29%20Assist%3A%20Westbrook%20%284%20AST%29
2018-19,Regular Season,2019-03-08,0021800985,370,2,01:11,OKC,LAC,203500 Steven Adams,201566 Russell Westbrook,[OKC 54-63] Adams Cutting Dunk Shot: Made (4 PTS) Assist: Westbrook (6 AST),https://www.nba.com/stats/events?GameEventID=370&GameID=0021800985&Season=2018-19&flag=1,https://www.nba.com/stats/events?GameEventID=370&GameID=0021800985&Season=2018-19&flag=1&title=%5BOKC%2054-63%5D%20Adams%20Cutting%20Dunk%20Shot%3A%20Made%20%284%20PTS%29%20Assist%3A%20Westbrook%20%286%20AST%29
2018-19,Regular Season,2019-03-11,0021801005,74,1,05:54,OKC,UTA,203500 Steven Adams,201566 Russell Westbrook,[OKC 11-8] Adams Running Dunk Shot: Made (4 PTS) Assist: Westbrook (2 AST),https://www.nba.com/stats/events?GameEventID=74&GameID=0021801005&Season=2018-19&flag=1,https://www.nba.com/stats/events?GameEventID=74&GameID=0021801005&Season=2018-19&flag=1&title=%5BOKC%2011-8%5D%20Adams%20Running%20Dunk%20Shot%3A%20Made%20%284%20PTS%29%20Assist%3A%20Westbrook%20%282%20AST%29
2018-19,Regular Season,2019-03-13,0021801017,571,4,06:37,BKN,OKC,203500 Steven Adams,201566 Russell Westbrook,[OKC 92-87] Adams Alley Oop Dunk Shot: Made (7 PTS) Assist: Westbrook (8 AST),https://www.nba.com/stats/events?GameEventID=571&GameID=0021801017&Season=2018-19&flag=1,https://www.nba.com/stats/events?GameEventID=571&GameID=0021801017&Season=2018-19&flag=1&title=%5BOKC%2092-87%5D%20Adams%20Alley%20Oop%20Dunk%20Shot%3A%20Made%20%287%20PTS%29%20Assist%3A%20Westbrook%20%288%20AST%29
2018-19,Regular Season,2019-03-13,0021801017,630,4,01:36,BKN,OKC,203500 Steven Adams,201566 Russell Westbrook,[OKC 108-96] Adams Alley Oop Dunk Shot: Made (13 PTS) Assist: Westbrook (11 AST),https://www.nba.com/stats/events?GameEventID=630&GameID=0021801017&Season=2018-19&flag=1,https://www.nba.com/stats/events?GameEventID=630&GameID=0021801017&Season=2018-19&flag=1&title=%5BOKC%20108-96%5D%20Adams%20Alley%20Oop%20Dunk%20Shot%3A%20Made%20%2813%20PTS%29%20Assist%3A%20Westbrook%20%2811%20AST%29
2018-19,Regular Season,2019-03-14,0021801020,314,2,01:26,OKC,IND,203500 Steven Adams,201566 Russell Westbrook,[OKC 59-45] Adams Alley Oop Dunk Shot: Made (9 PTS) Assist: Westbrook (6 AST),https://www.nba.com/stats/events?GameEventID=314&GameID=0021801020&Season=2018-19&flag=1,https://www.nba.com/stats/events?GameEventID=314&GameID=0021801020&Season=2018-19&flag=1&title=%5BOKC%2059-45%5D%20Adams%20Alley%20Oop%20Dunk%20Shot%3A%20Made%20%289%20PTS%29%20Assist%3A%20Westbrook%20%286%20AST%29
2018-19,Regular Season,2019-03-27,0021801119,34,1,08:50,IND,OKC,203500 Steven Adams,201566 Russell Westbrook,[OKC 9-7] Adams Cutting Dunk Shot: Made (6 PTS) Assist: Westbrook (2 AST),https://www.nba.com/stats/events?GameEventID=34&GameID=0021801119&Season=2018-19&flag=1,https://www.nba.com/stats/events?GameEventID=34&GameID=0021801119&Season=2018-19&flag=1&title=%5BOKC%209-7%5D%20Adams%20Cutting%20Dunk%20Shot%3A%20Made%20%286%20PTS%29%20Assist%3A%20Westbrook%20%282%20AST%29
2018-19,Regular Season,2019-03-27,0021801119,299,2,01:44,IND,OKC,203500 Steven Adams,201566 Russell Westbrook,[OKC 45-49] Adams Running Dunk Shot: Made (14 PTS) Assist: Westbrook (5 AST),https://www.nba.com/stats/events?GameEventID=299&GameID=0021801119&Season=2018-19&flag=1,https://www.nba.com/stats/events?GameEventID=299&GameID=0021801119&Season=2018-19&flag=1&title=%5BOKC%2045-49%5D%20Adams%20Running%20Dunk%20Shot%3A%20Made%20%2814%20PTS%29%20Assist%3A%20Westbrook%20%285%20AST%29
2018-19,Regular Season,2019-03-27,0021801119,593,4,03:09,IND,OKC,203500 Steven Adams,201566 Russell Westbrook,[OKC 97-85] Adams Alley Oop Dunk Shot: Made (24 PTS) Assist: Westbrook (11 AST),https://www.nba.com/stats/events?GameEventID=593&GameID=0021801119&Season=2018-19&flag=1,https://www.nba.com/stats/events?GameEventID=593&GameID=0021801119&Season=2018-19&flag=1&title=%5BOKC%2097-85%5D%20Adams%20Alley%20Oop%20Dunk%20Shot%3A%20Made%20%2824%20PTS%29%20Assist%3A%20Westbrook%20%2811%20AST%29
2018-19,Regular Season,2019-03-31,0021801146,268,2,03:48,DAL,OKC,203500 Steven Adams,201566 Russell Westbrook,[OKC 45-56] Adams Dunk Shot: Made (8 PTS) Assist: Westbrook (2 AST),https://www.nba.com/stats/events?GameEventID=268&GameID=0021801146&Season=2018-19&flag=1,https://www.nba.com/stats/events?GameEventID=268&GameID=0021801146&Season=2018-19&flag=1&title=%5BOKC%2045-56%5D%20Adams%20Dunk%20Shot%3A%20Made%20%288%20PTS%29%20Assist%3A%20Westbrook%20%282%20AST%29
2018-19,Regular Season,2019-03-31,0021801146,303,2,00:45.7,DAL,OKC,203500 Steven Adams,201566 Russell Westbrook,[OKC 56-58] Adams Cutting Dunk Shot: Made (12 PTS) Assist: Westbrook (4 AST),https://www.nba.com/stats/events?GameEventID=303&GameID=0021801146&Season=2018-19&flag=1,https://www.nba.com/stats/events?GameEventID=303&GameID=0021801146&Season=2018-19&flag=1&title=%5BOKC%2056-58%5D%20Adams%20Cutting%20Dunk%20Shot%3A%20Made%20%2812%20PTS%29%20Assist%3A%20Westbrook%20%284%20AST%29
2018-19,Regular Season,2019-03-31,0021801146,364,3,08:59,DAL,OKC,203500 Steven Adams,201566 Russell Westbrook,[OKC 60-62] Adams Alley Oop Dunk Shot: Made (14 PTS) Assist: Westbrook (5 AST),https://www.nba.com/stats/events?GameEventID=364&GameID=0021801146&Season=2018-19&flag=1,https://www.nba.com/stats/events?GameEventID=364&GameID=0021801146&Season=2018-19&flag=1&title=%5BOKC%2060-62%5D%20Adams%20Alley%20Oop%20Dunk%20Shot%3A%20Made%20%2814%20PTS%29%20Assist%3A%20Westbrook%20%285%20AST%29
2018-19,Regular Season,2019-04-02,0021801161,41,1,08:24,LAL,OKC,203500 Steven Adams,201566 Russell Westbrook,[OKC 13-6] Adams Alley Oop Dunk Shot: Made (2 PTS) Assist: Westbrook (4 AST),https://www.nba.com/stats/events?GameEventID=41&GameID=0021801161&Season=2018-19&flag=1,https://www.nba.com/stats/events?GameEventID=41&GameID=0021801161&Season=2018-19&flag=1&title=%5BOKC%2013-6%5D%20Adams%20Alley%20Oop%20Dunk%20Shot%3A%20Made%20%282%20PTS%29%20Assist%3A%20Westbrook%20%284%20AST%29
2018-19,Regular Season,2019-04-02,0021801161,46,1,08:02,LAL,OKC,203500 Steven Adams,201566 Russell Westbrook,[OKC 15-8] Adams Alley Oop Dunk Shot: Made (4 PTS) Assist: Westbrook (5 AST),https://www.nba.com/stats/events?GameEventID=46&GameID=0021801161&Season=2018-19&flag=1,https://www.nba.com/stats/events?GameEventID=46&GameID=0021801161&Season=2018-19&flag=1&title=%5BOKC%2015-8%5D%20Adams%20Alley%20Oop%20Dunk%20Shot%3A%20Made%20%284%20PTS%29%20Assist%3A%20Westbrook%20%285%20AST%29
2018-19,Regular Season,2019-04-02,0021801161,114,1,02:38,LAL,OKC,203500 Steven Adams,201566 Russell Westbrook,[OKC 25-21] Adams Cutting Dunk Shot: Made (8 PTS) Assist: Westbrook (9 AST),https://www.nba.com/stats/events?GameEventID=114&GameID=0021801161&Season=2018-19&flag=1,https://www.nba.com/stats/events?GameEventID=114&GameID=0021801161&Season=2018-19&flag=1&title=%5BOKC%2025-21%5D%20Adams%20Cutting%20Dunk%20Shot%3A%20Made%20%288%20PTS%29%20Assist%3A%20Westbrook%20%289%20AST%29
2018-19,Regular Season,2019-04-05,0021801186,8,1,11:32,DET,OKC,203500 Steven Adams,201566 Russell Westbrook,[OKC 2-0] Adams Alley Oop Dunk Shot: Made (2 PTS) Assist: Westbrook (1 AST),https://www.nba.com/stats/events?GameEventID=8&GameID=0021801186&Season=2018-19&flag=1,https://www.nba.com/stats/events?GameEventID=8&GameID=0021801186&Season=2018-19&flag=1&title=%5BOKC%202-0%5D%20Adams%20Alley%20Oop%20Dunk%20Shot%3A%20Made%20%282%20PTS%29%20Assist%3A%20Westbrook%20%281%20AST%29
2018-19,Regular Season,2019-04-05,0021801186,482,3,02:55,DET,OKC,203500 Steven Adams,201566 Russell Westbrook,[OKC 90-86] Adams Cutting Dunk Shot: Made (10 PTS) Assist: Westbrook (12 AST),https://www.nba.com/stats/events?GameEventID=482&GameID=0021801186&Season=2018-19&flag=1,https://www.nba.com/stats/events?GameEventID=482&GameID=0021801186&Season=2018-19&flag=1&title=%5BOKC%2090-86%5D%20Adams%20Cutting%20Dunk%20Shot%3A%20Made%20%2810%20PTS%29%20Assist%3A%20Westbrook%20%2812%20AST%29
2018-19,Regular Season,2019-04-05,0021801186,486,3,02:26,DET,OKC,203500 Steven Adams,201566 Russell Westbrook,[OKC 92-86] Adams Running Dunk Shot: Made (12 PTS) Assist: Westbrook (13 AST),https://www.nba.com/stats/events?GameEventID=486&GameID=0021801186&Season=2018-19&flag=1,https://www.nba.com/stats/events?GameEventID=486&GameID=0021801186&Season=2018-19&flag=1&title=%5BOKC%2092-86%5D%20Adams%20Running%20Dunk%20Shot%3A%20Made%20%2812%20PTS%29%20Assist%3A%20Westbrook%20%2813%20AST%29
2018-19,Regular Season,2019-04-09,0021801218,556,4,06:42,HOU,OKC,203500 Steven Adams,201566 Russell Westbrook,[OKC 95-99] Adams Alley Oop Dunk Shot: Made (8 PTS) Assist: Westbrook (9 AST),https://www.nba.com/stats/events?GameEventID=556&GameID=0021801218&Season=2018-19&flag=1,https://www.nba.com/stats/events?GameEventID=556&GameID=0021801218&Season=2018-19&flag=1&title=%5BOKC%2095-99%5D%20Adams%20Alley%20Oop%20Dunk%20Shot%3A%20Made%20%288%20PTS%29%20Assist%3A%20Westbrook%20%289%20AST%29
2018-19,Regular Season,2019-04-10,0021801226,266,2,03:58,OKC,MIL,203500 Steven Adams,201566 Russell Westbrook,[OKC 57-46] Adams Alley Oop Dunk Shot: Made (2 PTS) Assist: Westbrook (8 AST),https://www.nba.com/stats/events?GameEventID=266&GameID=0021801226&Season=2018-19&flag=1,https://www.nba.com/stats/events?GameEventID=266&GameID=0021801226&Season=2018-19&flag=1&title=%5BOKC%2057-46%5D%20Adams%20Alley%20Oop%20Dunk%20Shot%3A%20Made%20%282%20PTS%29%20Assist%3A%20Westbrook%20%288%20AST%29
2018-19,Playoffs,2019-04-14,0041800161,49,1,08:29,OKC,POR,203500 Steven Adams,201566 Russell Westbrook,[OKC 11-13] Adams Cutting Dunk Shot: Made (5 PTS) Assist: Westbrook (2 AST),https://www.nba.com/stats/events?GameEventID=49&GameID=0041800161&Season=2018-19&flag=1,https://www.nba.com/stats/events?GameEventID=49&GameID=0041800161&Season=2018-19&flag=1&title=%5BOKC%2011-13%5D%20Adams%20Cutting%20Dunk%20Shot%3A%20Made%20%285%20PTS%29%20Assist%3A%20Westbrook%20%282%20AST%29
2018-19,Playoffs,2019-04-16,0041800162,276,2,04:14,OKC,POR,203500 Steven Adams,201566 Russell Westbrook,[OKC 48-42] Adams Alley Oop Dunk Shot: Made (8 PTS) Assist: Westbrook (5 AST),https://www.nba.com/stats/events?GameEventID=276&GameID=0041800162&Season=2018-19&flag=1,https://www.nba.com/stats/events?GameEventID=276&GameID=0041800162&Season=2018-19&flag=1&title=%5BOKC%2048-42%5D%20Adams%20Alley%20Oop%20Dunk%20Shot%3A%20Made%20%288%20PTS%29%20Assist%3A%20Westbrook%20%285%20AST%29
2018-19,Playoffs,2019-04-16,0041800162,602,4,07:22,OKC,POR,203500 Steven Adams,201566 Russell Westbrook,[OKC 83-97] Adams Alley Oop Dunk Shot: Made (16 PTS) Assist: Westbrook (10 AST),https://www.nba.com/stats/events?GameEventID=602&GameID=0041800162&Season=2018-19&flag=1,https://www.nba.com/stats/events?GameEventID=602&GameID=0041800162&Season=2018-19&flag=1&title=%5BOKC%2083-97%5D%20Adams%20Alley%20Oop%20Dunk%20Shot%3A%20Made%20%2816%20PTS%29%20Assist%3A%20Westbrook%20%2810%20AST%29
2018-19,Playoffs,2019-04-19,0041800163,21,1,09:46,POR,OKC,203500 Steven Adams,201566 Russell Westbrook,[OKC 7-2] Adams Cutting Dunk Shot: Made (2 PTS) Assist: Westbrook (2 AST),https://www.nba.com/stats/events?GameEventID=21&GameID=0041800163&Season=2018-19&flag=1,https://www.nba.com/stats/events?GameEventID=21&GameID=0041800163&Season=2018-19&flag=1&title=%5BOKC%207-2%5D%20Adams%20Cutting%20Dunk%20Shot%3A%20Made%20%282%20PTS%29%20Assist%3A%20Westbrook%20%282%20AST%29
2018-19,Playoffs,2019-04-19,0041800163,215,2,06:34,POR,OKC,203500 Steven Adams,201566 Russell Westbrook,[OKC 29-27] Adams Cutting Dunk Shot: Made (4 PTS) Assist: Westbrook (3 AST),https://www.nba.com/stats/events?GameEventID=215&GameID=0041800163&Season=2018-19&flag=1,https://www.nba.com/stats/events?GameEventID=215&GameID=0041800163&Season=2018-19&flag=1&title=%5BOKC%2029-27%5D%20Adams%20Cutting%20Dunk%20Shot%3A%20Made%20%284%20PTS%29%20Assist%3A%20Westbrook%20%283%20AST%29
